0 verbose cli C:\Program Files\nodejs\node.exe C:\Program Files\nodejs\node_modules\npm\bin\npm-cli.js
1 info using npm@11.11.0
2 info using node@v24.14.1
3 silly config load:file:C:\Program Files\nodejs\node_modules\npm\npmrc
4 silly config load:file:C:\Users\q1213\Desktop\blog\.npmrc
5 silly config load:file:C:\Users\q1213\.npmrc
6 silly config load:file:C:\Users\q1213\AppData\Roaming\npm\etc\npmrc
7 verbose title npm install remark-math rehype-katex katex astro-mermaid
8 verbose argv "install" "remark-math" "rehype-katex" "katex" "astro-mermaid" "--no-audit" "--no-fund"
9 verbose logfile logs-max:10 dir:C:\Users\q1213\Desktop\blog\.npm-cache\_logs\2026-09-30T12_54_06_282Z-
10 verbose logfile C:\Users\q1213\Desktop\blog\.npm-cache\_logs\2026-09-30T12_54_06_282Z-debug-0.log
11 silly logfile start cleaning logs, removing 1 files
12 silly packumentCache heap:4496293888 maxSize:1124073472 maxEntrySize:562036736
13 silly logfile done cleaning log files
14 silly idealTree buildDeps
15 silly fetch manifest remark-math@*
16 silly packumentCache full:https://registry.npmjs.org/remark-math cache-miss
17 http cache https://registry.npmjs.org/remark-math 127ms (cache hit)
18 silly packumentCache full:https://registry.npmjs.org/remark-math set size:63480 disposed:false
19 silly fetch manifest rehype-katex@*
20 silly packumentCache full:https://registry.npmjs.org/rehype-katex cache-miss
21 http cache https://registry.npmjs.org/rehype-katex 9ms (cache hit)
22 silly packumentCache full:https://registry.npmjs.org/rehype-katex set size:62323 disposed:false
23 silly fetch manifest katex@*
24 silly packumentCache full:https://registry.npmjs.org/katex cache-miss
25 http cache https://registry.npmjs.org/katex 9ms (cache hit)
26 silly packumentCache full:https://registry.npmjs.org/katex set size:703477 disposed:false
27 silly fetch manifest astro-mermaid@*
28 silly packumentCache full:https://registry.npmjs.org/astro-mermaid cache-miss
29 http cache https://registry.npmjs.org/astro-mermaid 9ms (cache hit)
30 silly packumentCache full:https://registry.npmjs.org/astro-mermaid set size:46729 disposed:false
31 silly fetch manifest @mermaid-js/layout-elk@^0.2.0
32 silly packumentCache full:https://registry.npmjs.org/@mermaid-js%2flayout-elk cache-miss
33 http fetch GET 200 https://registry.npmjs.org/@mermaid-js%2flayout-elk 5387ms (cache miss)
34 silly packumentCache full:https://registry.npmjs.org/@mermaid-js%2flayout-elk set size:undefined disposed:false
35 silly fetch manifest mermaid@^11.0.2
36 silly packumentCache full:https://registry.npmjs.org/mermaid cache-miss
37 http cache https://registry.npmjs.org/mermaid 9ms (cache hit)
38 silly packumentCache full:https://registry.npmjs.org/mermaid set size:1246089 disposed:false
39 silly fetch manifest astro@^7.3.5
40 silly packumentCache full:https://registry.npmjs.org/astro cache-miss
41 http fetch GET 200 https://registry.npmjs.org/astro 3280ms (cache miss)
42 silly packumentCache full:https://registry.npmjs.org/astro set size:undefined disposed:false
43 silly fetch manifest @astrojs/markdown-remark@^7.3.1
44 silly packumentCache full:https://registry.npmjs.org/@astrojs%2fmarkdown-remark cache-miss
45 http fetch GET 200 https://registry.npmjs.org/@astrojs%2fmarkdown-remark 543ms (cache miss)
46 silly packumentCache full:https://registry.npmjs.org/@astrojs%2fmarkdown-remark set size:undefined disposed:false
47 silly placeDep ROOT astro-mermaid@2.1.0 OK for: ethergray-blog@6.1.0 want: *
48 silly placeDep ROOT mermaid@11.17.2 OK for: astro-mermaid@2.1.0 want: ^10.0.0 || ^11.0.0
49 silly placeDep ROOT katex@0.18.9 OK for: ethergray-blog@6.1.0 want: *
50 silly placeDep ROOT rehype-katex@7.0.1 OK for: ethergray-blog@6.1.0 want: *
51 silly placeDep ROOT remark-math@6.0.0 OK for: ethergray-blog@6.1.0 want: *
52 silly fetch manifest import-meta-resolve@^4.2.0
53 silly packumentCache full:https://registry.npmjs.org/import-meta-resolve cache-miss
54 silly fetch manifest d3@^7.9.0
55 silly packumentCache full:https://registry.npmjs.org/d3 cache-miss
56 silly fetch manifest uuid@^11.1.0 || ^12 || ^13 || ^14.0.0
57 silly packumentCache full:https://registry.npmjs.org/uuid cache-miss
58 silly fetch manifest katex@^0.16.47
59 silly packumentCache full:https://registry.npmjs.org/katex cache-hit
60 silly fetch manifest khroma@^2.1.0
61 silly packumentCache full:https://registry.npmjs.org/khroma cache-miss
62 silly fetch manifest marked@^16.3.0
63 silly packumentCache full:https://registry.npmjs.org/marked cache-miss
64 silly fetch manifest stylis@^4.3.6
65 silly packumentCache full:https://registry.npmjs.org/stylis cache-miss
66 silly fetch manifest fastdom@1.0.12
67 silly packumentCache full:https://registry.npmjs.org/fastdom cache-miss
68 silly fetch manifest roughjs@^4.6.6
69 silly packumentCache full:https://registry.npmjs.org/roughjs cache-miss
70 silly fetch manifest @types/d3@^7.4.3
71 silly packumentCache full:https://registry.npmjs.org/@types%2fd3 cache-miss
72 silly fetch manifest cytoscape@^3.34.0
73 silly packumentCache full:https://registry.npmjs.org/cytoscape cache-miss
74 silly fetch manifest d3-sankey@^0.12.3
75 silly packumentCache full:https://registry.npmjs.org/d3-sankey cache-miss
76 silly fetch manifest dompurify@^3.3.3
77 silly packumentCache full:https://registry.npmjs.org/dompurify cache-miss
78 silly fetch manifest ts-dedent@^2.2.0
79 silly packumentCache full:https://registry.npmjs.org/ts-dedent cache-miss
80 silly fetch manifest es-toolkit@^1.45.1
81 silly packumentCache full:https://registry.npmjs.org/es-toolkit cache-miss
82 silly fetch manifest dagre-d3-es@7.0.14
83 silly packumentCache full:https://registry.npmjs.org/dagre-d3-es cache-miss
84 silly fetch manifest @iconify/utils@^3.0.2
85 silly packumentCache full:https://registry.npmjs.org/@iconify%2futils cache-miss
86 silly fetch manifest cytoscape-fcose@^2.2.0
87 silly packumentCache full:https://registry.npmjs.org/cytoscape-fcose cache-miss
88 silly fetch manifest @upsetjs/venn.js@^2.0.0
89 silly packumentCache full:https://registry.npmjs.org/@upsetjs%2fvenn.js cache-miss
90 silly fetch manifest @mermaid-js/parser@^1.2.1
91 silly packumentCache full:https://registry.npmjs.org/@mermaid-js%2fparser cache-miss
92 silly fetch manifest cytoscape-cose-bilkent@^4.1.0
93 silly packumentCache full:https://registry.npmjs.org/cytoscape-cose-bilkent cache-miss
94 silly fetch manifest @braintree/sanitize-url@^7.1.2
95 silly packumentCache full:https://registry.npmjs.org/@braintree%2fsanitize-url cache-miss
96 silly fetch manifest commander@^15.0.0
97 silly packumentCache full:https://registry.npmjs.org/commander cache-miss
98 silly fetch manifest @types/katex@^0.16.0
99 silly packumentCache full:https://registry.npmjs.org/@types%2fkatex cache-miss
100 silly fetch manifest hast-util-from-html-isomorphic@^2.0.0
101 silly packumentCache full:https://registry.npmjs.org/hast-util-from-html-isomorphic cache-miss
102 silly fetch manifest katex@^0.16.0
103 silly packumentCache full:https://registry.npmjs.org/katex cache-hit
104 silly fetch manifest mdast-util-math@^3.0.0
105 silly packumentCache full:https://registry.npmjs.org/mdast-util-math cache-miss
106 silly fetch manifest micromark-extension-math@^3.0.0
107 silly packumentCache full:https://registry.npmjs.org/micromark-extension-math cache-miss
108 http fetch GET 200 https://registry.npmjs.org/import-meta-resolve 415ms (cache miss)
109 silly packumentCache full:https://registry.npmjs.org/import-meta-resolve set size:undefined disposed:false
110 http fetch GET 200 https://registry.npmjs.org/khroma 688ms (cache miss)
111 silly packumentCache full:https://registry.npmjs.org/khroma set size:undefined disposed:false
112 http fetch GET 200 https://registry.npmjs.org/dagre-d3-es 710ms (cache miss)
113 silly packumentCache full:https://registry.npmjs.org/dagre-d3-es set size:undefined disposed:false
114 http fetch GET 200 https://registry.npmjs.org/fastdom 732ms (cache miss)
115 silly packumentCache full:https://registry.npmjs.org/fastdom set size:undefined disposed:false
116 http fetch GET 200 https://registry.npmjs.org/@upsetjs%2fvenn.js 909ms (cache miss)
117 silly packumentCache full:https://registry.npmjs.org/@upsetjs%2fvenn.js set size:undefined disposed:false
118 http fetch GET 200 https://registry.npmjs.org/d3-sankey 912ms (cache miss)
119 silly packumentCache full:https://registry.npmjs.org/d3-sankey set size:undefined disposed:false
120 http fetch GET 200 https://registry.npmjs.org/uuid 942ms (cache miss)
121 silly packumentCache full:https://registry.npmjs.org/uuid set size:undefined disposed:false
122 http fetch GET 200 https://registry.npmjs.org/cytoscape-fcose 1026ms (cache miss)
123 silly packumentCache full:https://registry.npmjs.org/cytoscape-fcose set size:undefined disposed:false
124 http fetch GET 200 https://registry.npmjs.org/@iconify%2futils 1050ms (cache miss)
125 silly packumentCache full:https://registry.npmjs.org/@iconify%2futils set size:undefined disposed:false
126 http fetch GET 200 https://registry.npmjs.org/stylis 1062ms (cache miss)
127 silly packumentCache full:https://registry.npmjs.org/stylis set size:undefined disposed:false
128 http fetch GET 200 https://registry.npmjs.org/@mermaid-js%2fparser 1135ms (cache miss)
129 silly packumentCache full:https://registry.npmjs.org/@mermaid-js%2fparser set size:undefined disposed:false
130 http fetch GET 200 https://registry.npmjs.org/roughjs 1192ms (cache miss)
131 silly packumentCache full:https://registry.npmjs.org/roughjs set size:undefined disposed:false
132 http fetch GET 200 https://registry.npmjs.org/mdast-util-math 1236ms (cache miss)
133 silly packumentCache full:https://registry.npmjs.org/mdast-util-math set size:undefined disposed:false
134 http fetch GET 200 https://registry.npmjs.org/cytoscape-cose-bilkent 1267ms (cache miss)
135 silly packumentCache full:https://registry.npmjs.org/cytoscape-cose-bilkent set size:undefined disposed:false
136 http fetch GET 200 https://registry.npmjs.org/@braintree%2fsanitize-url 1293ms (cache miss)
137 silly packumentCache full:https://registry.npmjs.org/@braintree%2fsanitize-url set size:undefined disposed:false
138 http fetch GET 200 https://registry.npmjs.org/dompurify 1329ms (cache miss)
139 silly packumentCache full:https://registry.npmjs.org/dompurify set size:undefined disposed:false
140 http fetch GET 200 https://registry.npmjs.org/@types%2fkatex 1373ms (cache miss)
141 silly packumentCache full:https://registry.npmjs.org/@types%2fkatex set size:undefined disposed:false
142 http fetch GET 200 https://registry.npmjs.org/ts-dedent 1412ms (cache miss)
143 silly packumentCache full:https://registry.npmjs.org/ts-dedent set size:undefined disposed:false
144 http fetch GET 200 https://registry.npmjs.org/hast-util-from-html-isomorphic 1427ms (cache miss)
145 silly packumentCache full:https://registry.npmjs.org/hast-util-from-html-isomorphic set size:undefined disposed:false
146 http fetch GET 200 https://registry.npmjs.org/marked 1552ms (cache miss)
147 silly packumentCache full:https://registry.npmjs.org/marked set size:undefined disposed:false
148 http fetch GET 200 https://registry.npmjs.org/d3 1573ms (cache miss)
149 silly packumentCache full:https://registry.npmjs.org/d3 set size:undefined disposed:false
150 http fetch GET 200 https://registry.npmjs.org/commander 1692ms (cache miss)
151 silly packumentCache full:https://registry.npmjs.org/commander set size:undefined disposed:false
152 http fetch GET 200 https://registry.npmjs.org/micromark-extension-math 1965ms (cache miss)
153 silly packumentCache full:https://registry.npmjs.org/micromark-extension-math set size:undefined disposed:false
154 http fetch GET 200 https://registry.npmjs.org/cytoscape 2258ms (cache miss)
155 silly packumentCache full:https://registry.npmjs.org/cytoscape set size:undefined disposed:false
156 http fetch GET 200 https://registry.npmjs.org/@types%2fd3 3137ms (cache miss)
157 silly packumentCache full:https://registry.npmjs.org/@types%2fd3 set size:undefined disposed:false
158 http fetch GET 200 https://registry.npmjs.org/es-toolkit 5341ms (cache miss)
159 silly packumentCache full:https://registry.npmjs.org/es-toolkit set size:undefined disposed:false
160 silly placeDep ROOT import-meta-resolve@4.2.0 OK for: astro-mermaid@2.1.0 want: ^4.2.0
161 silly placeDep node_modules/katex commander@15.0.0 OK for: katex@0.18.9 want: ^15.0.0
162 silly placeDep ROOT @braintree/sanitize-url@7.1.2 OK for: mermaid@11.17.2 want: ^7.1.2
163 silly placeDep ROOT @iconify/utils@3.1.7 OK for: mermaid@11.17.2 want: ^3.0.2
164 silly placeDep ROOT @mermaid-js/parser@1.2.1 OK for: mermaid@11.17.2 want: ^1.2.1
165 silly placeDep ROOT @types/d3@7.4.3 OK for: mermaid@11.17.2 want: ^7.4.3
166 silly placeDep ROOT @upsetjs/venn.js@2.0.0 OK for: mermaid@11.17.2 want: ^2.0.0
167 silly placeDep ROOT cytoscape@3.34.3 OK for: mermaid@11.17.2 want: ^3.34.0
168 silly placeDep ROOT cytoscape-cose-bilkent@4.1.0 OK for: mermaid@11.17.2 want: ^4.1.0
169 silly placeDep ROOT cytoscape-fcose@2.2.0 OK for: mermaid@11.17.2 want: ^2.2.0
170 silly placeDep ROOT d3@7.9.0 OK for: mermaid@11.17.2 want: ^7.9.0
171 silly placeDep ROOT d3-sankey@0.12.3 OK for: mermaid@11.17.2 want: ^0.12.3
172 silly placeDep ROOT dagre-d3-es@7.0.14 OK for: mermaid@11.17.2 want: 7.0.14
173 silly placeDep ROOT dompurify@3.4.16 OK for: mermaid@11.17.2 want: ^3.3.3
174 silly placeDep ROOT es-toolkit@1.52.0 OK for: mermaid@11.17.2 want: ^1.45.1
175 silly placeDep ROOT fastdom@1.0.12 OK for: mermaid@11.17.2 want: 1.0.12
176 silly placeDep node_modules/mermaid katex@0.16.47 OK for: mermaid@11.17.2 want: ^0.16.47
177 silly placeDep ROOT khroma@2.1.0 OK for: mermaid@11.17.2 want: ^2.1.0
178 silly placeDep ROOT marked@16.4.2 OK for: mermaid@11.17.2 want: ^16.3.0
179 silly placeDep ROOT roughjs@4.6.6 OK for: mermaid@11.17.2 want: ^4.6.6
180 silly placeDep ROOT stylis@4.4.0 OK for: mermaid@11.17.2 want: ^4.3.6
181 silly placeDep ROOT ts-dedent@2.3.0 OK for: mermaid@11.17.2 want: ^2.2.0
182 silly placeDep ROOT uuid@14.0.2 OK for: mermaid@11.17.2 want: ^11.1.0 || ^12 || ^13 || ^14.0.0
183 silly fetch manifest @iconify/types@^2.0.0
184 silly packumentCache full:https://registry.npmjs.org/@iconify%2ftypes cache-miss
185 silly fetch manifest @antfu/install-pkg@^2.0.1
186 silly packumentCache full:https://registry.npmjs.org/@antfu%2finstall-pkg cache-miss
187 silly fetch manifest @chevrotain/types@~11.1.2
188 silly packumentCache full:https://registry.npmjs.org/@chevrotain%2ftypes cache-miss
189 silly fetch manifest @types/d3-dsv@*
190 silly packumentCache full:https://registry.npmjs.org/@types%2fd3-dsv cache-miss
191 silly fetch manifest @types/d3-geo@*
192 silly packumentCache full:https://registry.npmjs.org/@types%2fd3-geo cache-miss
193 silly fetch manifest @types/d3-axis@*
194 silly packumentCache full:https://registry.npmjs.org/@types%2fd3-axis cache-miss
195 silly fetch manifest @types/d3-drag@*
196 silly packumentCache full:https://registry.npmjs.org/@types%2fd3-drag cache-miss
197 silly fetch manifest @types/d3-ease@*
198 silly packumentCache full:https://registry.npmjs.org/@types%2fd3-ease cache-miss
199 silly fetch manifest @types/d3-path@*
200 silly packumentCache full:https://registry.npmjs.org/@types%2fd3-path cache-miss
201 silly fetch manifest @types/d3-time@*
202 silly packumentCache full:https://registry.npmjs.org/@types%2fd3-time cache-miss
203 silly fetch manifest @types/d3-zoom@*
204 silly packumentCache full:https://registry.npmjs.org/@types%2fd3-zoom cache-miss
205 silly fetch manifest @types/d3-array@*
206 silly packumentCache full:https://registry.npmjs.org/@types%2fd3-array cache-miss
207 silly fetch manifest @types/d3-brush@*
208 silly packumentCache full:https://registry.npmjs.org/@types%2fd3-brush cache-miss
209 silly fetch manifest @types/d3-chord@*
210 silly packumentCache full:https://registry.npmjs.org/@types%2fd3-chord cache-miss
211 silly fetch manifest @types/d3-color@*
212 silly packumentCache full:https://registry.npmjs.org/@types%2fd3-color cache-miss
213 silly fetch manifest @types/d3-fetch@*
214 silly packumentCache full:https://registry.npmjs.org/@types%2fd3-fetch cache-miss
215 silly fetch manifest @types/d3-force@*
216 silly packumentCache full:https://registry.npmjs.org/@types%2fd3-force cache-miss
217 silly fetch manifest @types/d3-scale@*
218 silly packumentCache full:https://registry.npmjs.org/@types%2fd3-scale cache-miss
219 silly fetch manifest @types/d3-shape@*
220 silly packumentCache full:https://registry.npmjs.org/@types%2fd3-shape cache-miss
221 silly fetch manifest @types/d3-timer@*
222 silly packumentCache full:https://registry.npmjs.org/@types%2fd3-timer cache-miss
223 silly fetch manifest @types/d3-format@*
224 silly packumentCache full:https://registry.npmjs.org/@types%2fd3-format cache-miss
225 silly fetch manifest @types/d3-random@*
226 silly packumentCache full:https://registry.npmjs.org/@types%2fd3-random cache-miss
227 silly fetch manifest @types/d3-contour@*
228 silly packumentCache full:https://registry.npmjs.org/@types%2fd3-contour cache-miss
229 silly fetch manifest @types/d3-polygon@*
230 silly packumentCache full:https://registry.npmjs.org/@types%2fd3-polygon cache-miss
231 silly fetch manifest @types/d3-delaunay@*
232 silly packumentCache full:https://registry.npmjs.org/@types%2fd3-delaunay cache-miss
233 silly fetch manifest @types/d3-dispatch@*
234 silly packumentCache full:https://registry.npmjs.org/@types%2fd3-dispatch cache-miss
235 silly fetch manifest @types/d3-quadtree@*
236 silly packumentCache full:https://registry.npmjs.org/@types%2fd3-quadtree cache-miss
237 silly fetch manifest @types/d3-hierarchy@*
238 silly packumentCache full:https://registry.npmjs.org/@types%2fd3-hierarchy cache-miss
239 silly fetch manifest @types/d3-selection@*
240 silly packumentCache full:https://registry.npmjs.org/@types%2fd3-selection cache-miss
241 silly fetch manifest @types/d3-transition@*
242 silly packumentCache full:https://registry.npmjs.org/@types%2fd3-transition cache-miss
243 silly fetch manifest @types/d3-interpolate@*
244 silly packumentCache full:https://registry.npmjs.org/@types%2fd3-interpolate cache-miss
245 http fetch GET 200 https://registry.npmjs.org/@types%2fd3-drag 199ms (cache miss)
246 silly packumentCache full:https://registry.npmjs.org/@types%2fd3-drag set size:undefined disposed:false
247 silly fetch manifest @types/d3-time-format@*
248 silly packumentCache full:https://registry.npmjs.org/@types%2fd3-time-format cache-miss
249 http fetch GET 200 https://registry.npmjs.org/@antfu%2finstall-pkg 218ms (cache miss)
250 silly packumentCache full:https://registry.npmjs.org/@antfu%2finstall-pkg set size:undefined disposed:false
251 silly fetch manifest @types/d3-scale-chromatic@*
252 silly packumentCache full:https://registry.npmjs.org/@types%2fd3-scale-chromatic cache-miss
253 http fetch GET 200 https://registry.npmjs.org/@types%2fd3-time 222ms (cache miss)
254 silly packumentCache full:https://registry.npmjs.org/@types%2fd3-time set size:undefined disposed:false
255 silly fetch manifest d3-selection@^3.0.0
256 silly packumentCache full:https://registry.npmjs.org/d3-selection cache-miss
257 http fetch GET 200 https://registry.npmjs.org/@types%2fd3-path 230ms (cache miss)
258 silly packumentCache full:https://registry.npmjs.org/@types%2fd3-path set size:undefined disposed:false
259 silly fetch manifest d3-transition@^3.0.1
260 silly packumentCache full:https://registry.npmjs.org/d3-transition cache-miss
261 http fetch GET 200 https://registry.npmjs.org/@types%2fd3-axis 361ms (cache miss)
262 silly packumentCache full:https://registry.npmjs.org/@types%2fd3-axis set size:undefined disposed:false
263 silly fetch manifest cose-base@^1.0.0
264 silly packumentCache full:https://registry.npmjs.org/cose-base cache-miss
265 http fetch GET 200 https://registry.npmjs.org/@types%2fd3-zoom 379ms (cache miss)
266 silly packumentCache full:https://registry.npmjs.org/@types%2fd3-zoom set size:undefined disposed:false
267 silly fetch manifest cose-base@^2.2.0
268 silly packumentCache full:https://registry.npmjs.org/cose-base cache-miss
269 http fetch GET 200 https://registry.npmjs.org/@types%2fd3-chord 383ms (cache miss)
270 silly packumentCache full:https://registry.npmjs.org/@types%2fd3-chord set size:undefined disposed:false
271 silly fetch manifest d3-dsv@3
272 silly packumentCache full:https://registry.npmjs.org/d3-dsv cache-miss
273 http fetch GET 200 https://registry.npmjs.org/@types%2fd3-fetch 413ms (cache miss)
274 silly packumentCache full:https://registry.npmjs.org/@types%2fd3-fetch set size:undefined disposed:false
275 silly fetch manifest d3-geo@3
276 silly packumentCache full:https://registry.npmjs.org/d3-geo cache-miss
277 http fetch GET 200 https://registry.npmjs.org/@types%2fd3-ease 420ms (cache miss)
278 silly packumentCache full:https://registry.npmjs.org/@types%2fd3-ease set size:undefined disposed:false
279 silly fetch manifest d3-axis@3
280 silly packumentCache full:https://registry.npmjs.org/d3-axis cache-miss
281 http fetch GET 200 https://registry.npmjs.org/@types%2fd3-array 431ms (cache miss)
282 silly packumentCache full:https://registry.npmjs.org/@types%2fd3-array set size:undefined disposed:false
283 silly fetch manifest d3-drag@3
284 silly packumentCache full:https://registry.npmjs.org/d3-drag cache-miss
285 http fetch GET 200 https://registry.npmjs.org/@types%2fd3-dsv 541ms (cache miss)
286 silly packumentCache full:https://registry.npmjs.org/@types%2fd3-dsv set size:undefined disposed:false
287 silly fetch manifest d3-ease@3
288 silly packumentCache full:https://registry.npmjs.org/d3-ease cache-miss
289 http fetch GET 200 https://registry.npmjs.org/@types%2fd3-color 559ms (cache miss)
290 silly packumentCache full:https://registry.npmjs.org/@types%2fd3-color set size:undefined disposed:false
291 silly fetch manifest d3-path@3
292 silly packumentCache full:https://registry.npmjs.org/d3-path cache-miss
293 http fetch GET 200 https://registry.npmjs.org/@types%2fd3-geo 564ms (cache miss)
294 silly packumentCache full:https://registry.npmjs.org/@types%2fd3-geo set size:undefined disposed:false
295 silly fetch manifest d3-time@3
296 silly packumentCache full:https://registry.npmjs.org/d3-time cache-miss
297 http fetch GET 200 https://registry.npmjs.org/@types%2fd3-brush 593ms (cache miss)
298 silly packumentCache full:https://registry.npmjs.org/@types%2fd3-brush set size:undefined disposed:false
299 silly fetch manifest d3-zoom@3
300 silly packumentCache full:https://registry.npmjs.org/d3-zoom cache-miss
301 http fetch GET 200 https://registry.npmjs.org/@types%2fd3-timer 599ms (cache miss)
302 silly packumentCache full:https://registry.npmjs.org/@types%2fd3-timer set size:undefined disposed:false
303 silly fetch manifest d3-array@3
304 silly packumentCache full:https://registry.npmjs.org/d3-array cache-miss
305 http fetch GET 200 https://registry.npmjs.org/@types%2fd3-delaunay 624ms (cache miss)
306 silly packumentCache full:https://registry.npmjs.org/@types%2fd3-delaunay set size:undefined disposed:false
307 silly fetch manifest d3-brush@3
308 silly packumentCache full:https://registry.npmjs.org/d3-brush cache-miss
309 http fetch GET 200 https://registry.npmjs.org/@iconify%2ftypes 715ms (cache miss)
310 silly packumentCache full:https://registry.npmjs.org/@iconify%2ftypes set size:undefined disposed:false
311 silly fetch manifest d3-chord@3
312 silly packumentCache full:https://registry.npmjs.org/d3-chord cache-miss
313 http fetch GET 200 https://registry.npmjs.org/@types%2fd3-scale 781ms (cache miss)
314 silly packumentCache full:https://registry.npmjs.org/@types%2fd3-scale set size:undefined disposed:false
315 silly fetch manifest d3-color@3
316 silly packumentCache full:https://registry.npmjs.org/d3-color cache-miss
317 http fetch GET 200 https://registry.npmjs.org/@types%2fd3-random 784ms (cache miss)
318 silly packumentCache full:https://registry.npmjs.org/@types%2fd3-random set size:undefined disposed:false
319 silly fetch manifest d3-fetch@3
320 silly packumentCache full:https://registry.npmjs.org/d3-fetch cache-miss
321 http fetch GET 200 https://registry.npmjs.org/@chevrotain%2ftypes 792ms (cache miss)
322 silly packumentCache full:https://registry.npmjs.org/@chevrotain%2ftypes set size:undefined disposed:false
323 silly fetch manifest d3-force@3
324 silly packumentCache full:https://registry.npmjs.org/d3-force cache-miss
325 http fetch GET 200 https://registry.npmjs.org/@types%2fd3-format 794ms (cache miss)
326 silly packumentCache full:https://registry.npmjs.org/@types%2fd3-format set size:undefined disposed:false
327 silly fetch manifest d3-scale@4
328 silly packumentCache full:https://registry.npmjs.org/d3-scale cache-miss
329 http fetch GET 200 https://registry.npmjs.org/@types%2fd3-force 799ms (cache miss)
330 silly packumentCache full:https://registry.npmjs.org/@types%2fd3-force set size:undefined disposed:false
331 silly fetch manifest d3-shape@3
332 silly packumentCache full:https://registry.npmjs.org/d3-shape cache-miss
333 http fetch GET 200 https://registry.npmjs.org/@types%2fd3-contour 834ms (cache miss)
334 silly packumentCache full:https://registry.npmjs.org/@types%2fd3-contour set size:undefined disposed:false
335 silly fetch manifest d3-timer@3
336 silly packumentCache full:https://registry.npmjs.org/d3-timer cache-miss
337 http fetch GET 200 https://registry.npmjs.org/@types%2fd3-polygon 843ms (cache miss)
338 silly packumentCache full:https://registry.npmjs.org/@types%2fd3-polygon set size:undefined disposed:false
339 silly fetch manifest d3-format@3
340 silly packumentCache full:https://registry.npmjs.org/d3-format cache-miss
341 http fetch GET 200 https://registry.npmjs.org/@types%2fd3-quadtree 881ms (cache miss)
342 silly packumentCache full:https://registry.npmjs.org/@types%2fd3-quadtree set size:undefined disposed:false
343 silly fetch manifest d3-random@3
344 silly packumentCache full:https://registry.npmjs.org/d3-random cache-miss
345 http fetch GET 200 https://registry.npmjs.org/cose-base 606ms (cache miss)
346 silly packumentCache full:https://registry.npmjs.org/cose-base set size:undefined disposed:false
347 silly fetch manifest d3-contour@4
348 silly packumentCache full:https://registry.npmjs.org/d3-contour cache-miss
349 http fetch GET 200 https://registry.npmjs.org/@types%2fd3-scale-chromatic 777ms (cache miss)
350 silly packumentCache full:https://registry.npmjs.org/@types%2fd3-scale-chromatic set size:undefined disposed:false
351 silly fetch manifest d3-polygon@3
352 silly packumentCache full:https://registry.npmjs.org/d3-polygon cache-miss
353 http fetch GET 200 https://registry.npmjs.org/@types%2fd3-dispatch 1062ms (cache miss)
354 silly packumentCache full:https://registry.npmjs.org/@types%2fd3-dispatch set size:undefined disposed:false
355 silly fetch manifest d3-delaunay@6
356 silly packumentCache full:https://registry.npmjs.org/d3-delaunay cache-miss
357 http fetch GET 200 https://registry.npmjs.org/@types%2fd3-time-format 903ms (cache miss)
358 silly packumentCache full:https://registry.npmjs.org/@types%2fd3-time-format set size:undefined disposed:false
359 silly fetch manifest d3-dispatch@3
360 silly packumentCache full:https://registry.npmjs.org/d3-dispatch cache-miss
361 http fetch GET 200 https://registry.npmjs.org/@types%2fd3-selection 1193ms (cache miss)
362 silly packumentCache full:https://registry.npmjs.org/@types%2fd3-selection set size:undefined disposed:false
363 silly fetch manifest d3-quadtree@3
364 silly packumentCache full:https://registry.npmjs.org/d3-quadtree cache-miss
365 http fetch GET 200 https://registry.npmjs.org/d3-transition 1009ms (cache miss)
366 silly packumentCache full:https://registry.npmjs.org/d3-transition set size:undefined disposed:false
367 silly fetch manifest d3-hierarchy@3
368 silly packumentCache full:https://registry.npmjs.org/d3-hierarchy cache-miss
369 http fetch GET 200 https://registry.npmjs.org/@types%2fd3-interpolate 1253ms (cache miss)
370 silly packumentCache full:https://registry.npmjs.org/@types%2fd3-interpolate set size:undefined disposed:false
371 silly fetch manifest d3-selection@3
372 silly packumentCache full:https://registry.npmjs.org/d3-selection cache-miss
373 http fetch GET 200 https://registry.npmjs.org/d3-drag 909ms (cache miss)
374 silly packumentCache full:https://registry.npmjs.org/d3-drag set size:undefined disposed:false
375 silly fetch manifest d3-transition@3
376 silly packumentCache full:https://registry.npmjs.org/d3-transition cache-miss
377 http cache https://registry.npmjs.org/d3-transition 10ms (cache hit)
378 silly packumentCache full:https://registry.npmjs.org/d3-transition set size:440595 disposed:false
379 silly fetch manifest d3-interpolate@3
380 silly packumentCache full:https://registry.npmjs.org/d3-interpolate cache-miss
381 http fetch GET 200 https://registry.npmjs.org/d3-ease 862ms (cache miss)
382 silly packumentCache full:https://registry.npmjs.org/d3-ease set size:undefined disposed:false
383 silly fetch manifest d3-time-format@4
384 silly packumentCache full:https://registry.npmjs.org/d3-time-format cache-miss
385 http fetch GET 200 https://registry.npmjs.org/d3-dsv 1031ms (cache miss)
386 silly packumentCache full:https://registry.npmjs.org/d3-dsv set size:undefined disposed:false
387 silly fetch manifest d3-scale-chromatic@3
388 silly packumentCache full:https://registry.npmjs.org/d3-scale-chromatic cache-miss
389 http fetch GET 200 https://registry.npmjs.org/d3-path 871ms (cache miss)
390 silly packumentCache full:https://registry.npmjs.org/d3-path set size:undefined disposed:false
391 silly fetch manifest d3-array@1 - 2
392 silly packumentCache full:https://registry.npmjs.org/d3-array cache-miss
393 http fetch GET 200 https://registry.npmjs.org/@types%2fd3-transition 1443ms (cache miss)
394 silly packumentCache full:https://registry.npmjs.org/@types%2fd3-transition set size:undefined disposed:false
395 silly fetch manifest d3-shape@^1.2.0
396 silly packumentCache full:https://registry.npmjs.org/d3-shape cache-miss
397 http fetch GET 200 https://registry.npmjs.org/d3-selection 1266ms (cache miss)
398 silly packumentCache full:https://registry.npmjs.org/d3-selection set size:undefined disposed:false
399 silly fetch manifest lodash-es@^4.17.21
400 silly packumentCache full:https://registry.npmjs.org/lodash-es cache-miss
401 http fetch GET 200 https://registry.npmjs.org/cose-base 1231ms (cache miss)
402 silly packumentCache full:https://registry.npmjs.org/cose-base set size:undefined disposed:false
403 silly fetch manifest @types/trusted-types@^2.0.7
404 silly packumentCache full:https://registry.npmjs.org/@types%2ftrusted-types cache-miss
405 http fetch GET 200 https://registry.npmjs.org/d3-time 1063ms (cache miss)
406 silly packumentCache full:https://registry.npmjs.org/d3-time set size:undefined disposed:false
407 silly fetch manifest strictdom@^1.0.1
408 silly packumentCache full:https://registry.npmjs.org/strictdom cache-miss
409 http fetch GET 200 https://registry.npmjs.org/d3-fetch 855ms (cache miss)
410 silly packumentCache full:https://registry.npmjs.org/d3-fetch set size:undefined disposed:false
411 silly fetch manifest commander@^8.3.0
412 silly packumentCache full:https://registry.npmjs.org/commander cache-miss
413 http cache https://registry.npmjs.org/commander 9ms (cache hit)
414 silly packumentCache full:https://registry.npmjs.org/commander set size:353104 disposed:false
415 silly fetch manifest hachure-fill@^0.5.2
416 silly packumentCache full:https://registry.npmjs.org/hachure-fill cache-miss
417 http fetch GET 200 https://registry.npmjs.org/d3-brush 1042ms (cache miss)
418 silly packumentCache full:https://registry.npmjs.org/d3-brush set size:undefined disposed:false
419 silly fetch manifest path-data-parser@^0.1.0
420 silly packumentCache full:https://registry.npmjs.org/path-data-parser cache-miss
421 http fetch GET 200 https://registry.npmjs.org/@types%2fd3-hierarchy 1688ms (cache miss)
422 silly packumentCache full:https://registry.npmjs.org/@types%2fd3-hierarchy set size:undefined disposed:false
423 silly fetch manifest points-on-curve@^0.2.0
424 silly packumentCache full:https://registry.npmjs.org/points-on-curve cache-miss
425 http fetch GET 200 https://registry.npmjs.org/d3-axis 1338ms (cache miss)
426 silly packumentCache full:https://registry.npmjs.org/d3-axis set size:undefined disposed:false
427 silly fetch manifest points-on-path@^0.2.1
428 silly packumentCache full:https://registry.npmjs.org/points-on-path cache-miss
429 http fetch GET 200 https://registry.npmjs.org/d3-chord 1190ms (cache miss)
430 silly packumentCache full:https://registry.npmjs.org/d3-chord set size:undefined disposed:false
431 http fetch GET 200 https://registry.npmjs.org/d3-geo 1521ms (cache miss)
432 silly packumentCache full:https://registry.npmjs.org/d3-geo set size:undefined disposed:false
433 http fetch GET 200 https://registry.npmjs.org/d3-zoom 1378ms (cache miss)
434 silly packumentCache full:https://registry.npmjs.org/d3-zoom set size:undefined disposed:false
435 http fetch GET 200 https://registry.npmjs.org/d3-format 1156ms (cache miss)
436 silly packumentCache full:https://registry.npmjs.org/d3-format set size:undefined disposed:false
437 http fetch GET 200 https://registry.npmjs.org/d3-timer 1213ms (cache miss)
438 silly packumentCache full:https://registry.npmjs.org/d3-timer set size:undefined disposed:false
439 http fetch GET 200 https://registry.npmjs.org/d3-scale 1300ms (cache miss)
440 silly packumentCache full:https://registry.npmjs.org/d3-scale set size:undefined disposed:false
441 http fetch GET 200 https://registry.npmjs.org/d3-delaunay 1035ms (cache miss)
442 silly packumentCache full:https://registry.npmjs.org/d3-delaunay set size:undefined disposed:false
443 http fetch GET 200 https://registry.npmjs.org/@types%2fd3-shape 2102ms (cache miss)
444 silly packumentCache full:https://registry.npmjs.org/@types%2fd3-shape set size:undefined disposed:false
445 http fetch GET 200 https://registry.npmjs.org/d3-contour 1132ms (cache miss)
446 silly packumentCache full:https://registry.npmjs.org/d3-contour set size:undefined disposed:false
447 http fetch GET 200 https://registry.npmjs.org/d3-color 1407ms (cache miss)
448 silly packumentCache full:https://registry.npmjs.org/d3-color set size:undefined disposed:false
449 http fetch GET 200 https://registry.npmjs.org/d3-force 1430ms (cache miss)
450 silly packumentCache full:https://registry.npmjs.org/d3-force set size:undefined disposed:false
451 http fetch GET 200 https://registry.npmjs.org/d3-array 1672ms (cache miss)
452 silly packumentCache full:https://registry.npmjs.org/d3-array set size:undefined disposed:false
453 http fetch GET 200 https://registry.npmjs.org/d3-dispatch 1178ms (cache miss)
454 silly packumentCache full:https://registry.npmjs.org/d3-dispatch set size:undefined disposed:false
455 http fetch GET 200 https://registry.npmjs.org/d3-quadtree 1203ms (cache miss)
456 silly packumentCache full:https://registry.npmjs.org/d3-quadtree set size:undefined disposed:false
457 http fetch GET 200 https://registry.npmjs.org/strictdom 826ms (cache miss)
458 silly packumentCache full:https://registry.npmjs.org/strictdom set size:undefined disposed:false
459 http fetch GET 200 https://registry.npmjs.org/d3-time-format 1066ms (cache miss)
460 silly packumentCache full:https://registry.npmjs.org/d3-time-format set size:undefined disposed:false
461 http fetch GET 200 https://registry.npmjs.org/d3-polygon 1558ms (cache miss)
462 silly packumentCache full:https://registry.npmjs.org/d3-polygon set size:undefined disposed:false
463 http fetch GET 200 https://registry.npmjs.org/d3-shape 1757ms (cache miss)
464 silly packumentCache full:https://registry.npmjs.org/d3-shape set size:undefined disposed:false
465 http fetch GET 200 https://registry.npmjs.org/@types%2ftrusted-types 971ms (cache miss)
466 silly packumentCache full:https://registry.npmjs.org/@types%2ftrusted-types set size:undefined disposed:false
467 http fetch GET 200 https://registry.npmjs.org/path-data-parser 930ms (cache miss)
468 silly packumentCache full:https://registry.npmjs.org/path-data-parser set size:undefined disposed:false
469 http fetch GET 200 https://registry.npmjs.org/d3-array 1174ms (cache miss)
470 silly packumentCache full:https://registry.npmjs.org/d3-array set size:undefined disposed:false
471 http fetch GET 200 https://registry.npmjs.org/hachure-fill 1096ms (cache miss)
472 silly packumentCache full:https://registry.npmjs.org/hachure-fill set size:undefined disposed:false
473 http fetch GET 200 https://registry.npmjs.org/d3-random 1872ms (cache miss)
474 silly packumentCache full:https://registry.npmjs.org/d3-random set size:undefined disposed:false
475 http fetch GET 200 https://registry.npmjs.org/d3-shape 1368ms (cache miss)
476 silly packumentCache full:https://registry.npmjs.org/d3-shape set size:undefined disposed:false
477 http fetch GET 200 https://registry.npmjs.org/points-on-curve 1163ms (cache miss)
478 silly packumentCache full:https://registry.npmjs.org/points-on-curve set size:undefined disposed:false
479 http fetch GET 200 https://registry.npmjs.org/points-on-path 1104ms (cache miss)
480 silly packumentCache full:https://registry.npmjs.org/points-on-path set size:undefined disposed:false
481 http fetch GET 200 https://registry.npmjs.org/d3-interpolate 1557ms (cache miss)
482 silly packumentCache full:https://registry.npmjs.org/d3-interpolate set size:undefined disposed:false
483 http fetch GET 200 https://registry.npmjs.org/d3-scale-chromatic 1554ms (cache miss)
484 silly packumentCache full:https://registry.npmjs.org/d3-scale-chromatic set size:undefined disposed:false
485 http fetch GET 200 https://registry.npmjs.org/d3-hierarchy 1846ms (cache miss)
486 silly packumentCache full:https://registry.npmjs.org/d3-hierarchy set size:undefined disposed:false
487 http fetch GET 200 https://registry.npmjs.org/d3-selection 1948ms (cache miss)
488 silly packumentCache full:https://registry.npmjs.org/d3-selection set size:undefined disposed:false
489 http fetch GET 200 https://registry.npmjs.org/lodash-es 1965ms (cache miss)
490 silly packumentCache full:https://registry.npmjs.org/lodash-es set size:undefined disposed:false
491 silly placeDep ROOT @antfu/install-pkg@2.1.0 OK for: @iconify/utils@3.1.7 want: ^2.0.1
492 silly placeDep ROOT @iconify/types@2.0.0 OK for: @iconify/utils@3.1.7 want: ^2.0.0
493 silly placeDep ROOT @chevrotain/types@11.1.2 OK for: @mermaid-js/parser@1.2.1 want: ~11.1.2
494 silly placeDep ROOT @types/d3-array@3.2.2 OK for: @types/d3@7.4.3 want: *
495 silly placeDep ROOT @types/d3-axis@3.0.6 OK for: @types/d3@7.4.3 want: *
496 silly placeDep ROOT @types/d3-brush@3.0.6 OK for: @types/d3@7.4.3 want: *
497 silly placeDep ROOT @types/d3-chord@3.0.6 OK for: @types/d3@7.4.3 want: *
498 silly placeDep ROOT @types/d3-color@3.1.3 OK for: @types/d3@7.4.3 want: *
499 silly placeDep ROOT @types/d3-contour@3.0.6 OK for: @types/d3@7.4.3 want: *
500 silly placeDep ROOT @types/d3-delaunay@6.0.4 OK for: @types/d3@7.4.3 want: *
501 silly placeDep ROOT @types/d3-dispatch@3.0.7 OK for: @types/d3@7.4.3 want: *
502 silly placeDep ROOT @types/d3-drag@3.0.7 OK for: @types/d3@7.4.3 want: *
503 silly placeDep ROOT @types/d3-dsv@3.0.7 OK for: @types/d3@7.4.3 want: *
504 silly placeDep ROOT @types/d3-ease@3.0.2 OK for: @types/d3@7.4.3 want: *
505 silly placeDep ROOT @types/d3-fetch@3.0.7 OK for: @types/d3@7.4.3 want: *
506 silly placeDep ROOT @types/d3-force@3.0.10 OK for: @types/d3@7.4.3 want: *
507 silly placeDep ROOT @types/d3-format@3.0.4 OK for: @types/d3@7.4.3 want: *
508 silly placeDep ROOT @types/d3-geo@3.1.1 OK for: @types/d3@7.4.3 want: *
509 silly placeDep ROOT @types/d3-hierarchy@3.1.7 OK for: @types/d3@7.4.3 want: *
510 silly placeDep ROOT @types/d3-interpolate@3.0.4 OK for: @types/d3@7.4.3 want: *
511 silly placeDep ROOT @types/d3-path@3.1.1 OK for: @types/d3@7.4.3 want: *
512 silly placeDep ROOT @types/d3-polygon@3.0.2 OK for: @types/d3@7.4.3 want: *
513 silly placeDep ROOT @types/d3-quadtree@3.0.6 OK for: @types/d3@7.4.3 want: *
514 silly placeDep ROOT @types/d3-random@3.0.4 OK for: @types/d3@7.4.3 want: *
515 silly placeDep ROOT @types/d3-scale@4.0.9 OK for: @types/d3@7.4.3 want: *
516 silly placeDep ROOT @types/d3-scale-chromatic@3.1.0 OK for: @types/d3@7.4.3 want: *
517 silly placeDep ROOT @types/d3-selection@3.0.12 OK for: @types/d3@7.4.3 want: *
518 silly placeDep ROOT @types/d3-shape@3.2.0 OK for: @types/d3@7.4.3 want: *
519 silly placeDep ROOT @types/d3-time@3.0.4 OK for: @types/d3@7.4.3 want: *
520 silly placeDep ROOT @types/d3-time-format@4.0.3 OK for: @types/d3@7.4.3 want: *
521 silly placeDep ROOT @types/d3-timer@3.0.2 OK for: @types/d3@7.4.3 want: *
522 silly placeDep ROOT @types/d3-transition@3.0.9 OK for: @types/d3@7.4.3 want: *
523 silly placeDep ROOT @types/d3-zoom@3.0.9 OK for: @types/d3@7.4.3 want: *
524 silly fetch manifest @types/geojson@*
525 silly packumentCache full:https://registry.npmjs.org/@types%2fgeojson cache-miss
526 silly fetch manifest @types/geojson@*
527 silly packumentCache full:https://registry.npmjs.org/@types%2fgeojson cache-miss
528 http fetch GET 200 https://registry.npmjs.org/@types%2fgeojson 252ms (cache miss)
529 silly packumentCache full:https://registry.npmjs.org/@types%2fgeojson set size:undefined disposed:false
530 http fetch GET 200 https://registry.npmjs.org/@types%2fgeojson 730ms (cache miss)
531 silly packumentCache full:https://registry.npmjs.org/@types%2fgeojson set size:undefined disposed:false
532 silly placeDep ROOT @types/geojson@7946.0.16 OK for: @types/d3-contour@3.0.6 want: *
533 silly placeDep ROOT d3-selection@3.0.0 OK for: @upsetjs/venn.js@2.0.0 want: ^3.0.0
534 silly placeDep ROOT d3-transition@3.0.1 OK for: @upsetjs/venn.js@2.0.0 want: ^3.0.1
535 silly fetch manifest d3-color@1 - 3
536 silly packumentCache full:https://registry.npmjs.org/d3-color cache-miss
537 silly fetch manifest d3-dispatch@1 - 3
538 silly packumentCache full:https://registry.npmjs.org/d3-dispatch cache-miss
539 silly fetch manifest d3-ease@1 - 3
540 silly packumentCache full:https://registry.npmjs.org/d3-ease cache-miss
541 silly fetch manifest d3-interpolate@1 - 3
542 silly packumentCache full:https://registry.npmjs.org/d3-interpolate cache-miss
543 silly fetch manifest d3-timer@1 - 3
544 silly packumentCache full:https://registry.npmjs.org/d3-timer cache-miss
545 http cache https://registry.npmjs.org/d3-dispatch 11ms (cache hit)
546 silly packumentCache full:https://registry.npmjs.org/d3-dispatch set size:82955 disposed:false
547 http cache https://registry.npmjs.org/d3-timer 13ms (cache hit)
548 silly packumentCache full:https://registry.npmjs.org/d3-timer set size:101516 disposed:false
549 http cache https://registry.npmjs.org/d3-color 16ms (cache hit)
550 silly packumentCache full:https://registry.npmjs.org/d3-color set size:142335 disposed:false
551 http cache https://registry.npmjs.org/d3-ease 17ms (cache hit)
552 silly packumentCache full:https://registry.npmjs.org/d3-ease set size:109490 disposed:false
553 http cache https://registry.npmjs.org/d3-interpolate 19ms (cache hit)
554 silly packumentCache full:https://registry.npmjs.org/d3-interpolate set size:162337 disposed:false
555 silly placeDep ROOT cose-base@1.0.3 OK for: cytoscape-cose-bilkent@4.1.0 want: ^1.0.0
556 silly fetch manifest layout-base@^1.0.0
557 silly packumentCache full:https://registry.npmjs.org/layout-base cache-miss
558 http fetch GET 200 https://registry.npmjs.org/layout-base 209ms (cache miss)
559 silly packumentCache full:https://registry.npmjs.org/layout-base set size:undefined disposed:false
560 silly placeDep ROOT layout-base@1.0.2 OK for: cose-base@1.0.3 want: ^1.0.0
561 silly placeDep node_modules/cytoscape-fcose cose-base@2.2.0 OK for: cytoscape-fcose@2.2.0 want: ^2.2.0
562 silly fetch manifest layout-base@^2.0.0
563 silly packumentCache full:https://registry.npmjs.org/layout-base cache-miss
564 http cache https://registry.npmjs.org/layout-base 8ms (cache hit)
565 silly packumentCache full:https://registry.npmjs.org/layout-base set size:16403 disposed:false
566 silly placeDep ROOT d3-array@3.2.4 OK for: d3@7.9.0 want: 3
567 silly placeDep ROOT d3-axis@3.0.0 OK for: d3@7.9.0 want: 3
568 silly placeDep ROOT d3-brush@3.0.0 OK for: d3@7.9.0 want: 3
569 silly placeDep ROOT d3-chord@3.0.1 OK for: d3@7.9.0 want: 3
570 silly placeDep ROOT d3-color@3.1.0 OK for: d3@7.9.0 want: 3
571 silly placeDep ROOT d3-contour@4.0.2 OK for: d3@7.9.0 want: 4
572 silly placeDep ROOT d3-delaunay@6.0.4 OK for: d3@7.9.0 want: 6
573 silly placeDep ROOT d3-dispatch@3.0.1 OK for: d3@7.9.0 want: 3
574 silly placeDep ROOT d3-drag@3.0.0 OK for: d3@7.9.0 want: 3
575 silly placeDep ROOT d3-dsv@3.0.1 OK for: d3@7.9.0 want: 3
576 silly placeDep ROOT d3-ease@3.0.1 OK for: d3@7.9.0 want: 3
577 silly placeDep ROOT d3-fetch@3.0.1 OK for: d3@7.9.0 want: 3
578 silly placeDep ROOT d3-force@3.0.0 OK for: d3@7.9.0 want: 3
579 silly placeDep ROOT d3-format@3.1.2 OK for: d3@7.9.0 want: 3
580 silly placeDep ROOT d3-geo@3.1.1 OK for: d3@7.9.0 want: 3
581 silly placeDep ROOT d3-hierarchy@3.1.2 OK for: d3@7.9.0 want: 3
582 silly placeDep ROOT d3-interpolate@3.0.1 OK for: d3@7.9.0 want: 3
583 silly placeDep ROOT d3-path@3.1.0 OK for: d3@7.9.0 want: 3
584 silly placeDep ROOT d3-polygon@3.0.1 OK for: d3@7.9.0 want: 3
585 silly placeDep ROOT d3-quadtree@3.0.1 OK for: d3@7.9.0 want: 3
586 silly placeDep ROOT d3-random@3.0.1 OK for: d3@7.9.0 want: 3
587 silly placeDep ROOT d3-scale@4.0.2 OK for: d3@7.9.0 want: 4
588 silly placeDep ROOT d3-scale-chromatic@3.1.0 OK for: d3@7.9.0 want: 3
589 silly placeDep ROOT d3-shape@3.2.0 OK for: d3@7.9.0 want: 3
590 silly placeDep ROOT d3-time@3.1.0 OK for: d3@7.9.0 want: 3
591 silly placeDep ROOT d3-time-format@4.1.0 OK for: d3@7.9.0 want: 4
592 silly placeDep ROOT d3-timer@3.0.1 OK for: d3@7.9.0 want: 3
593 silly placeDep ROOT d3-zoom@3.0.0 OK for: d3@7.9.0 want: 3
594 silly fetch manifest internmap@1 - 2
595 silly packumentCache full:https://registry.npmjs.org/internmap cache-miss
596 silly fetch manifest d3-drag@2 - 3
597 silly packumentCache full:https://registry.npmjs.org/d3-drag cache-miss
598 silly fetch manifest d3-path@1 - 3
599 silly packumentCache full:https://registry.npmjs.org/d3-path cache-miss
600 silly fetch manifest delaunator@5
601 silly packumentCache full:https://registry.npmjs.org/delaunator cache-miss
602 silly fetch manifest commander@7
603 silly packumentCache full:https://registry.npmjs.org/commander cache-hit
604 silly fetch manifest iconv-lite@0.6
605 silly packumentCache full:https://registry.npmjs.org/iconv-lite cache-miss
606 silly fetch manifest rw@1
607 silly packumentCache full:https://registry.npmjs.org/rw cache-miss
608 silly fetch manifest d3-quadtree@1 - 3
609 silly packumentCache full:https://registry.npmjs.org/d3-quadtree cache-miss
610 silly fetch manifest d3-time@2.1.1 - 3
611 silly packumentCache full:https://registry.npmjs.org/d3-time cache-miss
612 silly fetch manifest d3-time-format@2 - 4
613 silly packumentCache full:https://registry.npmjs.org/d3-time-format cache-miss
614 http cache https://registry.npmjs.org/d3-drag 20ms (cache hit)
615 silly packumentCache full:https://registry.npmjs.org/d3-drag set size:116130 disposed:false
616 http cache https://registry.npmjs.org/d3-time 21ms (cache hit)
617 silly packumentCache full:https://registry.npmjs.org/d3-time set size:150406 disposed:false
618 http cache https://registry.npmjs.org/d3-path 24ms (cache hit)
619 silly packumentCache full:https://registry.npmjs.org/d3-path set size:77883 disposed:false
620 http cache https://registry.npmjs.org/d3-time-format 25ms (cache hit)
621 silly packumentCache full:https://registry.npmjs.org/d3-time-format set size:124514 disposed:false
622 http cache https://registry.npmjs.org/d3-quadtree 26ms (cache hit)
623 silly packumentCache full:https://registry.npmjs.org/d3-quadtree set size:98011 disposed:false
624 http fetch GET 200 https://registry.npmjs.org/delaunator 203ms (cache miss)
625 silly packumentCache full:https://registry.npmjs.org/delaunator set size:undefined disposed:false
626 http fetch GET 200 https://registry.npmjs.org/internmap 207ms (cache miss)
627 silly packumentCache full:https://registry.npmjs.org/internmap set size:undefined disposed:false
628 http fetch GET 200 https://registry.npmjs.org/rw 430ms (cache miss)
629 silly packumentCache full:https://registry.npmjs.org/rw set size:undefined disposed:false
630 http fetch GET 200 https://registry.npmjs.org/iconv-lite 729ms (cache miss)
631 silly packumentCache full:https://registry.npmjs.org/iconv-lite set size:undefined disposed:false
632 silly placeDep ROOT internmap@2.0.3 OK for: d3-array@3.2.4 want: 1 - 2
633 silly placeDep ROOT delaunator@5.1.0 OK for: d3-delaunay@6.0.4 want: 5
634 silly fetch manifest robust-predicates@^3.0.2
635 silly packumentCache full:https://registry.npmjs.org/robust-predicates cache-miss
636 http fetch GET 200 https://registry.npmjs.org/robust-predicates 413ms (cache miss)
637 silly packumentCache full:https://registry.npmjs.org/robust-predicates set size:undefined disposed:false
638 silly placeDep node_modules/d3-dsv commander@7.2.0 OK for: d3-dsv@3.0.1 want: 7
639 silly placeDep ROOT iconv-lite@0.6.3 OK for: d3-dsv@3.0.1 want: 0.6
640 silly placeDep ROOT rw@1.3.3 OK for: d3-dsv@3.0.1 want: 1
641 silly fetch manifest safer-buffer@>= 2.1.2 < 3.0.0
642 silly packumentCache full:https://registry.npmjs.org/safer-buffer cache-miss
643 http fetch GET 200 https://registry.npmjs.org/safer-buffer 403ms (cache miss)
644 silly packumentCache full:https://registry.npmjs.org/safer-buffer set size:undefined disposed:false
645 silly placeDep node_modules/d3-sankey d3-array@2.12.1 OK for: d3-sankey@0.12.3 want: 1 - 2
646 silly placeDep node_modules/d3-sankey d3-shape@1.3.7 OK for: d3-sankey@0.12.3 want: ^1.2.0
647 silly fetch manifest internmap@^1.0.0
648 silly packumentCache full:https://registry.npmjs.org/internmap cache-miss
649 silly fetch manifest d3-path@1
650 silly packumentCache full:https://registry.npmjs.org/d3-path cache-hit
651 http cache https://registry.npmjs.org/internmap 8ms (cache hit)
652 silly packumentCache full:https://registry.npmjs.org/internmap set size:19637 disposed:false
653 silly placeDep ROOT lodash-es@4.18.1 OK for: dagre-d3-es@7.0.14 want: ^4.17.21
654 silly placeDep ROOT robust-predicates@3.0.3 OK for: delaunator@5.1.0 want: ^3.0.2
655 silly placeDep ROOT @types/trusted-types@2.0.7 OK for: dompurify@3.4.16 want: ^2.0.7
656 silly placeDep ROOT strictdom@1.0.1 OK for: fastdom@1.0.12 want: ^1.0.1
657 silly placeDep ROOT safer-buffer@2.1.2 OK for: iconv-lite@0.6.3 want: >= 2.1.2 < 3.0.0
658 silly placeDep ROOT @types/katex@0.16.8 OK for: rehype-katex@7.0.1 want: ^0.16.0
659 silly placeDep ROOT hast-util-from-html-isomorphic@2.0.0 OK for: rehype-katex@7.0.1 want: ^2.0.0
660 silly placeDep node_modules/rehype-katex katex@0.16.47 OK for: rehype-katex@7.0.1 want: ^0.16.0
661 silly fetch manifest hast-util-from-dom@^5.0.0
662 silly packumentCache full:https://registry.npmjs.org/hast-util-from-dom cache-miss
663 http fetch GET 200 https://registry.npmjs.org/hast-util-from-dom 606ms (cache miss)
664 silly packumentCache full:https://registry.npmjs.org/hast-util-from-dom set size:undefined disposed:false
665 silly placeDep ROOT hast-util-from-dom@5.0.1 OK for: hast-util-from-html-isomorphic@2.0.0 want: ^5.0.0
666 silly placeDep ROOT mdast-util-math@3.0.0 OK for: remark-math@6.0.0 want: ^3.0.0
667 silly placeDep ROOT micromark-extension-math@3.1.0 OK for: remark-math@6.0.0 want: ^3.0.0
668 silly placeDep node_modules/micromark-extension-math katex@0.16.47 OK for: micromark-extension-math@3.1.0 want: ^0.16.0
669 silly placeDep ROOT hachure-fill@0.5.2 OK for: roughjs@4.6.6 want: ^0.5.2
670 silly placeDep ROOT path-data-parser@0.1.0 OK for: roughjs@4.6.6 want: ^0.1.0
671 silly placeDep ROOT points-on-curve@0.2.0 OK for: roughjs@4.6.6 want: ^0.2.0
672 silly placeDep ROOT points-on-path@0.2.1 OK for: roughjs@4.6.6 want: ^0.2.1
673 silly placeDep node_modules/cytoscape-fcose layout-base@2.0.1 OK for: cose-base@2.2.0 want: ^2.0.0
674 silly placeDep node_modules/d3-sankey internmap@1.0.1 OK for: d3-array@2.12.1 want: ^1.0.0
675 silly placeDep node_modules/d3-sankey d3-path@1.0.9 OK for: d3-shape@1.3.7 want: 1
676 silly placeDep node_modules/mermaid commander@8.3.0 OK for: katex@0.16.47 want: ^8.3.0
677 silly placeDep node_modules/micromark-extension-math commander@8.3.0 OK for: katex@0.16.47 want: ^8.3.0
678 silly placeDep node_modules/rehype-katex commander@8.3.0 OK for: katex@0.16.47 want: ^8.3.0
679 silly reify moves {}
680 http cache path-data-parser@https://registry.npmjs.org/path-data-parser/-/path-data-parser-0.1.0.tgz 0ms (cache hit)
681 http cache points-on-path@https://registry.npmjs.org/points-on-path/-/points-on-path-0.2.1.tgz 0ms (cache hit)
682 http cache points-on-curve@https://registry.npmjs.org/points-on-curve/-/points-on-curve-0.2.0.tgz 0ms (cache hit)
683 http cache micromark-extension-math@https://registry.npmjs.org/micromark-extension-math/-/micromark-extension-math-3.1.0.tgz 0ms (cache hit)
684 http cache @types/katex@https://registry.npmjs.org/@types/katex/-/katex-0.16.8.tgz 0ms (cache hit)
685 http cache mdast-util-math@https://registry.npmjs.org/mdast-util-math/-/mdast-util-math-3.0.0.tgz 0ms (cache hit)
686 http cache @types/trusted-types@https://registry.npmjs.org/@types/trusted-types/-/trusted-types-2.0.7.tgz 0ms (cache hit)
687 http cache safer-buffer@https://registry.npmjs.org/safer-buffer/-/safer-buffer-2.1.2.tgz 0ms (cache hit)
688 http cache hachure-fill@https://registry.npmjs.org/hachure-fill/-/hachure-fill-0.5.2.tgz 0ms (cache hit)
689 http cache hast-util-from-html-isomorphic@https://registry.npmjs.org/hast-util-from-html-isomorphic/-/hast-util-from-html-isomorphic-2.0.0.tgz 0ms (cache hit)
690 http cache hast-util-from-dom@https://registry.npmjs.org/hast-util-from-dom/-/hast-util-from-dom-5.0.1.tgz 0ms (cache hit)
691 http cache robust-predicates@https://registry.npmjs.org/robust-predicates/-/robust-predicates-3.0.3.tgz 0ms (cache hit)
692 http cache strictdom@https://registry.npmjs.org/strictdom/-/strictdom-1.0.1.tgz 0ms (cache hit)
693 http cache rw@https://registry.npmjs.org/rw/-/rw-1.3.3.tgz 0ms (cache hit)
694 http cache lodash-es@https://registry.npmjs.org/lodash-es/-/lodash-es-4.18.1.tgz 0ms (cache hit)
695 http cache delaunator@https://registry.npmjs.org/delaunator/-/delaunator-5.1.0.tgz 0ms (cache hit)
696 http cache iconv-lite@https://registry.npmjs.org/iconv-lite/-/iconv-lite-0.6.3.tgz 0ms (cache hit)
697 http cache d3-zoom@https://registry.npmjs.org/d3-zoom/-/d3-zoom-3.0.0.tgz 0ms (cache hit)
698 http cache internmap@https://registry.npmjs.org/internmap/-/internmap-2.0.3.tgz 0ms (cache hit)
699 http cache d3-shape@https://registry.npmjs.org/d3-shape/-/d3-shape-3.2.0.tgz 0ms (cache hit)
700 http cache d3-scale-chromatic@https://registry.npmjs.org/d3-scale-chromatic/-/d3-scale-chromatic-3.1.0.tgz 0ms (cache hit)
701 http cache d3-time-format@https://registry.npmjs.org/d3-time-format/-/d3-time-format-4.1.0.tgz 0ms (cache hit)
702 http cache d3-timer@https://registry.npmjs.org/d3-timer/-/d3-timer-3.0.1.tgz 0ms (cache hit)
703 http cache d3-time@https://registry.npmjs.org/d3-time/-/d3-time-3.1.0.tgz 0ms (cache hit)
704 http cache d3-scale@https://registry.npmjs.org/d3-scale/-/d3-scale-4.0.2.tgz 0ms (cache hit)
705 http cache d3-random@https://registry.npmjs.org/d3-random/-/d3-random-3.0.1.tgz 0ms (cache hit)
706 http cache d3-path@https://registry.npmjs.org/d3-path/-/d3-path-3.1.0.tgz 0ms (cache hit)
707 http cache d3-quadtree@https://registry.npmjs.org/d3-quadtree/-/d3-quadtree-3.0.1.tgz 0ms (cache hit)
708 http cache d3-interpolate@https://registry.npmjs.org/d3-interpolate/-/d3-interpolate-3.0.1.tgz 0ms (cache hit)
709 http cache d3-hierarchy@https://registry.npmjs.org/d3-hierarchy/-/d3-hierarchy-3.1.2.tgz 0ms (cache hit)
710 http cache d3-geo@https://registry.npmjs.org/d3-geo/-/d3-geo-3.1.1.tgz 0ms (cache hit)
711 http cache d3-polygon@https://registry.npmjs.org/d3-polygon/-/d3-polygon-3.0.1.tgz 0ms (cache hit)
712 http cache d3-force@https://registry.npmjs.org/d3-force/-/d3-force-3.0.0.tgz 0ms (cache hit)
713 http cache d3-format@https://registry.npmjs.org/d3-format/-/d3-format-3.1.2.tgz 0ms (cache hit)
714 http cache d3-fetch@https://registry.npmjs.org/d3-fetch/-/d3-fetch-3.0.1.tgz 0ms (cache hit)
715 http cache d3-dispatch@https://registry.npmjs.org/d3-dispatch/-/d3-dispatch-3.0.1.tgz 0ms (cache hit)
716 http cache d3-ease@https://registry.npmjs.org/d3-ease/-/d3-ease-3.0.1.tgz 0ms (cache hit)
717 http cache d3-drag@https://registry.npmjs.org/d3-drag/-/d3-drag-3.0.0.tgz 0ms (cache hit)
718 http cache d3-dsv@https://registry.npmjs.org/d3-dsv/-/d3-dsv-3.0.1.tgz 0ms (cache hit)
719 http cache d3-contour@https://registry.npmjs.org/d3-contour/-/d3-contour-4.0.2.tgz 0ms (cache hit)
720 http cache d3-delaunay@https://registry.npmjs.org/d3-delaunay/-/d3-delaunay-6.0.4.tgz 0ms (cache hit)
721 http cache d3-array@https://registry.npmjs.org/d3-array/-/d3-array-3.2.4.tgz 0ms (cache hit)
722 http cache d3-brush@https://registry.npmjs.org/d3-brush/-/d3-brush-3.0.0.tgz 0ms (cache hit)
723 http cache d3-axis@https://registry.npmjs.org/d3-axis/-/d3-axis-3.0.0.tgz 0ms (cache hit)
724 http cache layout-base@https://registry.npmjs.org/layout-base/-/layout-base-1.0.2.tgz 0ms (cache hit)
725 http cache d3-color@https://registry.npmjs.org/d3-color/-/d3-color-3.1.0.tgz 0ms (cache hit)
726 http cache d3-chord@https://registry.npmjs.org/d3-chord/-/d3-chord-3.0.1.tgz 0ms (cache hit)
727 http cache d3-transition@https://registry.npmjs.org/d3-transition/-/d3-transition-3.0.1.tgz 0ms (cache hit)
728 http cache cose-base@https://registry.npmjs.org/cose-base/-/cose-base-1.0.3.tgz 0ms (cache hit)
729 http cache d3-selection@https://registry.npmjs.org/d3-selection/-/d3-selection-3.0.0.tgz 0ms (cache hit)
730 http cache @types/d3-timer@https://registry.npmjs.org/@types/d3-timer/-/d3-timer-3.0.2.tgz 0ms (cache hit)
731 http cache @types/d3-transition@https://registry.npmjs.org/@types/d3-transition/-/d3-transition-3.0.9.tgz 0ms (cache hit)
732 http cache @types/d3-zoom@https://registry.npmjs.org/@types/d3-zoom/-/d3-zoom-3.0.9.tgz 0ms (cache hit)
733 http cache @types/d3-time-format@https://registry.npmjs.org/@types/d3-time-format/-/d3-time-format-4.0.3.tgz 0ms (cache hit)
734 http cache @types/d3-time@https://registry.npmjs.org/@types/d3-time/-/d3-time-3.0.4.tgz 0ms (cache hit)
735 http cache @types/geojson@https://registry.npmjs.org/@types/geojson/-/geojson-7946.0.16.tgz 0ms (cache hit)
736 http cache @types/d3-scale-chromatic@https://registry.npmjs.org/@types/d3-scale-chromatic/-/d3-scale-chromatic-3.1.0.tgz 0ms (cache hit)
737 http cache @types/d3-shape@https://registry.npmjs.org/@types/d3-shape/-/d3-shape-3.2.0.tgz 0ms (cache hit)
738 http cache @types/d3-scale@https://registry.npmjs.org/@types/d3-scale/-/d3-scale-4.0.9.tgz 0ms (cache hit)
739 http cache @types/d3-random@https://registry.npmjs.org/@types/d3-random/-/d3-random-3.0.4.tgz 0ms (cache hit)
740 http cache @types/d3-selection@https://registry.npmjs.org/@types/d3-selection/-/d3-selection-3.0.12.tgz 0ms (cache hit)
741 http cache @types/d3-path@https://registry.npmjs.org/@types/d3-path/-/d3-path-3.1.1.tgz 0ms (cache hit)
742 http cache @types/d3-quadtree@https://registry.npmjs.org/@types/d3-quadtree/-/d3-quadtree-3.0.6.tgz 0ms (cache hit)
743 http cache @types/d3-polygon@https://registry.npmjs.org/@types/d3-polygon/-/d3-polygon-3.0.2.tgz 0ms (cache hit)
744 http cache @types/d3-hierarchy@https://registry.npmjs.org/@types/d3-hierarchy/-/d3-hierarchy-3.1.7.tgz 0ms (cache hit)
745 http cache @types/d3-interpolate@https://registry.npmjs.org/@types/d3-interpolate/-/d3-interpolate-3.0.4.tgz 0ms (cache hit)
746 http cache @types/d3-geo@https://registry.npmjs.org/@types/d3-geo/-/d3-geo-3.1.1.tgz 0ms (cache hit)
747 http cache @types/d3-force@https://registry.npmjs.org/@types/d3-force/-/d3-force-3.0.10.tgz 0ms (cache hit)
748 http cache @types/d3-dsv@https://registry.npmjs.org/@types/d3-dsv/-/d3-dsv-3.0.7.tgz 0ms (cache hit)
749 http cache @types/d3-color@https://registry.npmjs.org/@types/d3-color/-/d3-color-3.1.3.tgz 0ms (cache hit)
750 http cache @types/d3-ease@https://registry.npmjs.org/@types/d3-ease/-/d3-ease-3.0.2.tgz 0ms (cache hit)
751 http cache @types/d3-fetch@https://registry.npmjs.org/@types/d3-fetch/-/d3-fetch-3.0.7.tgz 0ms (cache hit)
752 http cache @types/d3-drag@https://registry.npmjs.org/@types/d3-drag/-/d3-drag-3.0.7.tgz 0ms (cache hit)
753 http cache @types/d3-format@https://registry.npmjs.org/@types/d3-format/-/d3-format-3.0.4.tgz 0ms (cache hit)
754 http cache @types/d3-contour@https://registry.npmjs.org/@types/d3-contour/-/d3-contour-3.0.6.tgz 0ms (cache hit)
755 http cache @types/d3-delaunay@https://registry.npmjs.org/@types/d3-delaunay/-/d3-delaunay-6.0.4.tgz 0ms (cache hit)
756 http cache @types/d3-chord@https://registry.npmjs.org/@types/d3-chord/-/d3-chord-3.0.6.tgz 0ms (cache hit)
757 http cache @types/d3-brush@https://registry.npmjs.org/@types/d3-brush/-/d3-brush-3.0.6.tgz 0ms (cache hit)
758 http cache @types/d3-array@https://registry.npmjs.org/@types/d3-array/-/d3-array-3.2.2.tgz 0ms (cache hit)
759 http cache @iconify/types@https://registry.npmjs.org/@iconify/types/-/types-2.0.0.tgz 0ms (cache hit)
760 http cache @types/d3-dispatch@https://registry.npmjs.org/@types/d3-dispatch/-/d3-dispatch-3.0.7.tgz 0ms (cache hit)
761 http cache @types/d3-axis@https://registry.npmjs.org/@types/d3-axis/-/d3-axis-3.0.6.tgz 0ms (cache hit)
762 http cache @antfu/install-pkg@https://registry.npmjs.org/@antfu/install-pkg/-/install-pkg-2.1.0.tgz 0ms (cache hit)
763 http cache @chevrotain/types@https://registry.npmjs.org/@chevrotain/types/-/types-11.1.2.tgz 0ms (cache hit)
764 http cache uuid@https://registry.npmjs.org/uuid/-/uuid-14.0.2.tgz 0ms (cache hit)
765 http cache ts-dedent@https://registry.npmjs.org/ts-dedent/-/ts-dedent-2.3.0.tgz 0ms (cache hit)
766 http cache roughjs@https://registry.npmjs.org/roughjs/-/roughjs-4.6.6.tgz 0ms (cache hit)
767 http cache fastdom@https://registry.npmjs.org/fastdom/-/fastdom-1.0.12.tgz 0ms (cache hit)
768 http cache khroma@https://registry.npmjs.org/khroma/-/khroma-2.1.0.tgz 0ms (cache hit)
769 http cache dompurify@https://registry.npmjs.org/dompurify/-/dompurify-3.4.16.tgz 0ms (cache hit)
770 http cache marked@https://registry.npmjs.org/marked/-/marked-16.4.2.tgz 0ms (cache hit)
771 http cache d3-sankey@https://registry.npmjs.org/d3-sankey/-/d3-sankey-0.12.3.tgz 0ms (cache hit)
772 http cache d3@https://registry.npmjs.org/d3/-/d3-7.9.0.tgz 0ms (cache hit)
773 http cache es-toolkit@https://registry.npmjs.org/es-toolkit/-/es-toolkit-1.52.0.tgz 0ms (cache hit)
774 http cache cytoscape-fcose@https://registry.npmjs.org/cytoscape-fcose/-/cytoscape-fcose-2.2.0.tgz 0ms (cache hit)
775 http cache dagre-d3-es@https://registry.npmjs.org/dagre-d3-es/-/dagre-d3-es-7.0.14.tgz 0ms (cache hit)
776 http cache cytoscape@https://registry.npmjs.org/cytoscape/-/cytoscape-3.34.3.tgz 0ms (cache hit)
777 http cache cytoscape-cose-bilkent@https://registry.npmjs.org/cytoscape-cose-bilkent/-/cytoscape-cose-bilkent-4.1.0.tgz 0ms (cache hit)
778 http cache @upsetjs/venn.js@https://registry.npmjs.org/@upsetjs/venn.js/-/venn.js-2.0.0.tgz 0ms (cache hit)
779 http cache @types/d3@https://registry.npmjs.org/@types/d3/-/d3-7.4.3.tgz 0ms (cache hit)
780 http cache stylis@https://registry.npmjs.org/stylis/-/stylis-4.4.0.tgz 0ms (cache hit)
781 http cache @iconify/utils@https://registry.npmjs.org/@iconify/utils/-/utils-3.1.7.tgz 0ms (cache hit)
782 http cache @braintree/sanitize-url@https://registry.npmjs.org/@braintree/sanitize-url/-/sanitize-url-7.1.2.tgz 0ms (cache hit)
783 http cache import-meta-resolve@https://registry.npmjs.org/import-meta-resolve/-/import-meta-resolve-4.2.0.tgz 0ms (cache hit)
784 http cache @mermaid-js/parser@https://registry.npmjs.org/@mermaid-js/parser/-/parser-1.2.1.tgz 0ms (cache hit)
785 http cache rehype-katex@https://registry.npmjs.org/rehype-katex/-/rehype-katex-7.0.1.tgz 0ms (cache hit)
786 http cache remark-math@https://registry.npmjs.org/remark-math/-/remark-math-6.0.0.tgz 0ms (cache hit)
787 http cache astro-mermaid@https://registry.npmjs.org/astro-mermaid/-/astro-mermaid-2.1.0.tgz 0ms (cache hit)
788 http cache katex@https://registry.npmjs.org/katex/-/katex-0.18.9.tgz 0ms (cache hit)
789 http cache mermaid@https://registry.npmjs.org/mermaid/-/mermaid-11.17.2.tgz 0ms (cache hit)
790 http cache katex@https://registry.npmjs.org/katex/-/katex-0.16.47.tgz 0ms (cache hit)
791 http cache commander@https://registry.npmjs.org/commander/-/commander-8.3.0.tgz 0ms (cache hit)
792 http cache cose-base@https://registry.npmjs.org/cose-base/-/cose-base-2.2.0.tgz 0ms (cache hit)
793 http cache commander@https://registry.npmjs.org/commander/-/commander-7.2.0.tgz 0ms (cache hit)
794 http cache layout-base@https://registry.npmjs.org/layout-base/-/layout-base-2.0.1.tgz 0ms (cache hit)
795 http cache internmap@https://registry.npmjs.org/internmap/-/internmap-1.0.1.tgz 0ms (cache hit)
796 http cache d3-path@https://registry.npmjs.org/d3-path/-/d3-path-1.0.9.tgz 0ms (cache hit)
797 http cache d3-shape@https://registry.npmjs.org/d3-shape/-/d3-shape-1.3.7.tgz 0ms (cache hit)
798 http cache d3-array@https://registry.npmjs.org/d3-array/-/d3-array-2.12.1.tgz 0ms (cache hit)
799 http cache katex@https://registry.npmjs.org/katex/-/katex-0.16.47.tgz 0ms (cache hit)
800 http cache katex@https://registry.npmjs.org/katex/-/katex-0.16.47.tgz 0ms (cache hit)
801 http cache commander@https://registry.npmjs.org/commander/-/commander-8.3.0.tgz 0ms (cache hit)
802 http cache commander@https://registry.npmjs.org/commander/-/commander-15.0.0.tgz 0ms (cache hit)
803 silly tarball no local data for path-data-parser@https://registry.npmjs.org/path-data-parser/-/path-data-parser-0.1.0.tgz. Extracting by manifest.
804 silly tarball no local data for points-on-path@https://registry.npmjs.org/points-on-path/-/points-on-path-0.2.1.tgz. Extracting by manifest.
805 silly tarball no local data for points-on-curve@https://registry.npmjs.org/points-on-curve/-/points-on-curve-0.2.0.tgz. Extracting by manifest.
806 http cache commander@https://registry.npmjs.org/commander/-/commander-8.3.0.tgz 0ms (cache hit)
807 silly tarball no local data for micromark-extension-math@https://registry.npmjs.org/micromark-extension-math/-/micromark-extension-math-3.1.0.tgz. Extracting by manifest.
808 silly tarball no local data for @types/katex@https://registry.npmjs.org/@types/katex/-/katex-0.16.8.tgz. Extracting by manifest.
809 silly tarball no local data for mdast-util-math@https://registry.npmjs.org/mdast-util-math/-/mdast-util-math-3.0.0.tgz. Extracting by manifest.
810 silly tarball no local data for @types/trusted-types@https://registry.npmjs.org/@types/trusted-types/-/trusted-types-2.0.7.tgz. Extracting by manifest.
811 silly tarball no local data for safer-buffer@https://registry.npmjs.org/safer-buffer/-/safer-buffer-2.1.2.tgz. Extracting by manifest.
812 silly tarball no local data for hachure-fill@https://registry.npmjs.org/hachure-fill/-/hachure-fill-0.5.2.tgz. Extracting by manifest.
813 silly tarball no local data for hast-util-from-html-isomorphic@https://registry.npmjs.org/hast-util-from-html-isomorphic/-/hast-util-from-html-isomorphic-2.0.0.tgz. Extracting by manifest.
814 silly tarball no local data for hast-util-from-dom@https://registry.npmjs.org/hast-util-from-dom/-/hast-util-from-dom-5.0.1.tgz. Extracting by manifest.
815 silly tarball no local data for robust-predicates@https://registry.npmjs.org/robust-predicates/-/robust-predicates-3.0.3.tgz. Extracting by manifest.
816 silly tarball no local data for strictdom@https://registry.npmjs.org/strictdom/-/strictdom-1.0.1.tgz. Extracting by manifest.
817 silly tarball no local data for rw@https://registry.npmjs.org/rw/-/rw-1.3.3.tgz. Extracting by manifest.
818 silly tarball no local data for lodash-es@https://registry.npmjs.org/lodash-es/-/lodash-es-4.18.1.tgz. Extracting by manifest.
819 silly tarball no local data for delaunator@https://registry.npmjs.org/delaunator/-/delaunator-5.1.0.tgz. Extracting by manifest.
820 silly tarball no local data for iconv-lite@https://registry.npmjs.org/iconv-lite/-/iconv-lite-0.6.3.tgz. Extracting by manifest.
821 silly tarball no local data for d3-zoom@https://registry.npmjs.org/d3-zoom/-/d3-zoom-3.0.0.tgz. Extracting by manifest.
822 silly tarball no local data for internmap@https://registry.npmjs.org/internmap/-/internmap-2.0.3.tgz. Extracting by manifest.
823 silly tarball no local data for d3-shape@https://registry.npmjs.org/d3-shape/-/d3-shape-3.2.0.tgz. Extracting by manifest.
824 silly tarball no local data for d3-scale-chromatic@https://registry.npmjs.org/d3-scale-chromatic/-/d3-scale-chromatic-3.1.0.tgz. Extracting by manifest.
825 silly tarball no local data for d3-time-format@https://registry.npmjs.org/d3-time-format/-/d3-time-format-4.1.0.tgz. Extracting by manifest.
826 silly tarball no local data for d3-timer@https://registry.npmjs.org/d3-timer/-/d3-timer-3.0.1.tgz. Extracting by manifest.
827 silly tarball no local data for d3-time@https://registry.npmjs.org/d3-time/-/d3-time-3.1.0.tgz. Extracting by manifest.
828 silly tarball no local data for d3-scale@https://registry.npmjs.org/d3-scale/-/d3-scale-4.0.2.tgz. Extracting by manifest.
829 silly tarball no local data for d3-random@https://registry.npmjs.org/d3-random/-/d3-random-3.0.1.tgz. Extracting by manifest.
830 silly tarball no local data for d3-path@https://registry.npmjs.org/d3-path/-/d3-path-3.1.0.tgz. Extracting by manifest.
831 silly tarball no local data for d3-quadtree@https://registry.npmjs.org/d3-quadtree/-/d3-quadtree-3.0.1.tgz. Extracting by manifest.
832 silly tarball no local data for d3-interpolate@https://registry.npmjs.org/d3-interpolate/-/d3-interpolate-3.0.1.tgz. Extracting by manifest.
833 silly tarball no local data for d3-hierarchy@https://registry.npmjs.org/d3-hierarchy/-/d3-hierarchy-3.1.2.tgz. Extracting by manifest.
834 silly tarball no local data for d3-geo@https://registry.npmjs.org/d3-geo/-/d3-geo-3.1.1.tgz. Extracting by manifest.
835 silly tarball no local data for d3-polygon@https://registry.npmjs.org/d3-polygon/-/d3-polygon-3.0.1.tgz. Extracting by manifest.
836 silly tarball no local data for d3-force@https://registry.npmjs.org/d3-force/-/d3-force-3.0.0.tgz. Extracting by manifest.
837 silly tarball no local data for d3-format@https://registry.npmjs.org/d3-format/-/d3-format-3.1.2.tgz. Extracting by manifest.
838 silly tarball no local data for d3-fetch@https://registry.npmjs.org/d3-fetch/-/d3-fetch-3.0.1.tgz. Extracting by manifest.
839 silly tarball no local data for d3-dispatch@https://registry.npmjs.org/d3-dispatch/-/d3-dispatch-3.0.1.tgz. Extracting by manifest.
840 silly tarball no local data for d3-ease@https://registry.npmjs.org/d3-ease/-/d3-ease-3.0.1.tgz. Extracting by manifest.
841 silly tarball no local data for d3-drag@https://registry.npmjs.org/d3-drag/-/d3-drag-3.0.0.tgz. Extracting by manifest.
842 silly tarball no local data for d3-dsv@https://registry.npmjs.org/d3-dsv/-/d3-dsv-3.0.1.tgz. Extracting by manifest.
843 silly tarball no local data for d3-contour@https://registry.npmjs.org/d3-contour/-/d3-contour-4.0.2.tgz. Extracting by manifest.
844 silly tarball no local data for d3-delaunay@https://registry.npmjs.org/d3-delaunay/-/d3-delaunay-6.0.4.tgz. Extracting by manifest.
845 silly tarball no local data for d3-array@https://registry.npmjs.org/d3-array/-/d3-array-3.2.4.tgz. Extracting by manifest.
846 silly tarball no local data for d3-brush@https://registry.npmjs.org/d3-brush/-/d3-brush-3.0.0.tgz. Extracting by manifest.
847 silly tarball no local data for d3-axis@https://registry.npmjs.org/d3-axis/-/d3-axis-3.0.0.tgz. Extracting by manifest.
848 silly tarball no local data for layout-base@https://registry.npmjs.org/layout-base/-/layout-base-1.0.2.tgz. Extracting by manifest.
849 silly tarball no local data for d3-color@https://registry.npmjs.org/d3-color/-/d3-color-3.1.0.tgz. Extracting by manifest.
850 silly tarball no local data for d3-chord@https://registry.npmjs.org/d3-chord/-/d3-chord-3.0.1.tgz. Extracting by manifest.
851 silly tarball no local data for d3-transition@https://registry.npmjs.org/d3-transition/-/d3-transition-3.0.1.tgz. Extracting by manifest.
852 silly tarball no local data for cose-base@https://registry.npmjs.org/cose-base/-/cose-base-1.0.3.tgz. Extracting by manifest.
853 silly tarball no local data for d3-selection@https://registry.npmjs.org/d3-selection/-/d3-selection-3.0.0.tgz. Extracting by manifest.
854 silly tarball no local data for @types/d3-timer@https://registry.npmjs.org/@types/d3-timer/-/d3-timer-3.0.2.tgz. Extracting by manifest.
855 silly tarball no local data for @types/d3-transition@https://registry.npmjs.org/@types/d3-transition/-/d3-transition-3.0.9.tgz. Extracting by manifest.
856 silly tarball no local data for @types/d3-zoom@https://registry.npmjs.org/@types/d3-zoom/-/d3-zoom-3.0.9.tgz. Extracting by manifest.
857 silly tarball no local data for @types/d3-time-format@https://registry.npmjs.org/@types/d3-time-format/-/d3-time-format-4.0.3.tgz. Extracting by manifest.
858 silly tarball no local data for @types/d3-time@https://registry.npmjs.org/@types/d3-time/-/d3-time-3.0.4.tgz. Extracting by manifest.
859 silly tarball no local data for @types/geojson@https://registry.npmjs.org/@types/geojson/-/geojson-7946.0.16.tgz. Extracting by manifest.
860 silly tarball no local data for @types/d3-scale-chromatic@https://registry.npmjs.org/@types/d3-scale-chromatic/-/d3-scale-chromatic-3.1.0.tgz. Extracting by manifest.
861 silly tarball no local data for @types/d3-shape@https://registry.npmjs.org/@types/d3-shape/-/d3-shape-3.2.0.tgz. Extracting by manifest.
862 silly tarball no local data for @types/d3-scale@https://registry.npmjs.org/@types/d3-scale/-/d3-scale-4.0.9.tgz. Extracting by manifest.
863 silly tarball no local data for @types/d3-random@https://registry.npmjs.org/@types/d3-random/-/d3-random-3.0.4.tgz. Extracting by manifest.
864 silly tarball no local data for @types/d3-selection@https://registry.npmjs.org/@types/d3-selection/-/d3-selection-3.0.12.tgz. Extracting by manifest.
865 silly tarball no local data for @types/d3-path@https://registry.npmjs.org/@types/d3-path/-/d3-path-3.1.1.tgz. Extracting by manifest.
866 silly tarball no local data for @types/d3-quadtree@https://registry.npmjs.org/@types/d3-quadtree/-/d3-quadtree-3.0.6.tgz. Extracting by manifest.
867 silly tarball no local data for @types/d3-polygon@https://registry.npmjs.org/@types/d3-polygon/-/d3-polygon-3.0.2.tgz. Extracting by manifest.
868 silly tarball no local data for @types/d3-hierarchy@https://registry.npmjs.org/@types/d3-hierarchy/-/d3-hierarchy-3.1.7.tgz. Extracting by manifest.
869 silly tarball no local data for @types/d3-interpolate@https://registry.npmjs.org/@types/d3-interpolate/-/d3-interpolate-3.0.4.tgz. Extracting by manifest.
870 silly tarball no local data for @types/d3-geo@https://registry.npmjs.org/@types/d3-geo/-/d3-geo-3.1.1.tgz. Extracting by manifest.
871 silly tarball no local data for @types/d3-force@https://registry.npmjs.org/@types/d3-force/-/d3-force-3.0.10.tgz. Extracting by manifest.
872 silly tarball no local data for @types/d3-dsv@https://registry.npmjs.org/@types/d3-dsv/-/d3-dsv-3.0.7.tgz. Extracting by manifest.
873 silly tarball no local data for @types/d3-color@https://registry.npmjs.org/@types/d3-color/-/d3-color-3.1.3.tgz. Extracting by manifest.
874 silly tarball no local data for @types/d3-ease@https://registry.npmjs.org/@types/d3-ease/-/d3-ease-3.0.2.tgz. Extracting by manifest.
875 silly tarball no local data for @types/d3-fetch@https://registry.npmjs.org/@types/d3-fetch/-/d3-fetch-3.0.7.tgz. Extracting by manifest.
876 silly tarball no local data for @types/d3-drag@https://registry.npmjs.org/@types/d3-drag/-/d3-drag-3.0.7.tgz. Extracting by manifest.
877 silly tarball no local data for @types/d3-format@https://registry.npmjs.org/@types/d3-format/-/d3-format-3.0.4.tgz. Extracting by manifest.
878 silly tarball no local data for @types/d3-contour@https://registry.npmjs.org/@types/d3-contour/-/d3-contour-3.0.6.tgz. Extracting by manifest.
879 silly tarball no local data for @types/d3-delaunay@https://registry.npmjs.org/@types/d3-delaunay/-/d3-delaunay-6.0.4.tgz. Extracting by manifest.
880 silly tarball no local data for @types/d3-chord@https://registry.npmjs.org/@types/d3-chord/-/d3-chord-3.0.6.tgz. Extracting by manifest.
881 silly tarball no local data for @types/d3-brush@https://registry.npmjs.org/@types/d3-brush/-/d3-brush-3.0.6.tgz. Extracting by manifest.
882 silly tarball no local data for @types/d3-array@https://registry.npmjs.org/@types/d3-array/-/d3-array-3.2.2.tgz. Extracting by manifest.
883 silly tarball no local data for @iconify/types@https://registry.npmjs.org/@iconify/types/-/types-2.0.0.tgz. Extracting by manifest.
884 silly tarball no local data for @types/d3-dispatch@https://registry.npmjs.org/@types/d3-dispatch/-/d3-dispatch-3.0.7.tgz. Extracting by manifest.
885 silly tarball no local data for @types/d3-axis@https://registry.npmjs.org/@types/d3-axis/-/d3-axis-3.0.6.tgz. Extracting by manifest.
886 silly tarball no local data for @antfu/install-pkg@https://registry.npmjs.org/@antfu/install-pkg/-/install-pkg-2.1.0.tgz. Extracting by manifest.
887 silly tarball no local data for @chevrotain/types@https://registry.npmjs.org/@chevrotain/types/-/types-11.1.2.tgz. Extracting by manifest.
888 silly tarball no local data for uuid@https://registry.npmjs.org/uuid/-/uuid-14.0.2.tgz. Extracting by manifest.
889 silly tarball no local data for ts-dedent@https://registry.npmjs.org/ts-dedent/-/ts-dedent-2.3.0.tgz. Extracting by manifest.
890 silly tarball no local data for roughjs@https://registry.npmjs.org/roughjs/-/roughjs-4.6.6.tgz. Extracting by manifest.
891 silly tarball no local data for fastdom@https://registry.npmjs.org/fastdom/-/fastdom-1.0.12.tgz. Extracting by manifest.
892 silly tarball no local data for khroma@https://registry.npmjs.org/khroma/-/khroma-2.1.0.tgz. Extracting by manifest.
893 silly tarball no local data for dompurify@https://registry.npmjs.org/dompurify/-/dompurify-3.4.16.tgz. Extracting by manifest.
894 silly tarball no local data for marked@https://registry.npmjs.org/marked/-/marked-16.4.2.tgz. Extracting by manifest.
895 silly tarball no local data for d3-sankey@https://registry.npmjs.org/d3-sankey/-/d3-sankey-0.12.3.tgz. Extracting by manifest.
896 silly tarball no local data for d3@https://registry.npmjs.org/d3/-/d3-7.9.0.tgz. Extracting by manifest.
897 silly tarball no local data for es-toolkit@https://registry.npmjs.org/es-toolkit/-/es-toolkit-1.52.0.tgz. Extracting by manifest.
898 silly tarball no local data for cytoscape-fcose@https://registry.npmjs.org/cytoscape-fcose/-/cytoscape-fcose-2.2.0.tgz. Extracting by manifest.
899 silly tarball no local data for dagre-d3-es@https://registry.npmjs.org/dagre-d3-es/-/dagre-d3-es-7.0.14.tgz. Extracting by manifest.
900 silly tarball no local data for cytoscape@https://registry.npmjs.org/cytoscape/-/cytoscape-3.34.3.tgz. Extracting by manifest.
901 silly tarball no local data for cytoscape-cose-bilkent@https://registry.npmjs.org/cytoscape-cose-bilkent/-/cytoscape-cose-bilkent-4.1.0.tgz. Extracting by manifest.
902 silly tarball no local data for @upsetjs/venn.js@https://registry.npmjs.org/@upsetjs/venn.js/-/venn.js-2.0.0.tgz. Extracting by manifest.
903 silly tarball no local data for @types/d3@https://registry.npmjs.org/@types/d3/-/d3-7.4.3.tgz. Extracting by manifest.
904 silly tarball no local data for stylis@https://registry.npmjs.org/stylis/-/stylis-4.4.0.tgz. Extracting by manifest.
905 silly tarball no local data for @iconify/utils@https://registry.npmjs.org/@iconify/utils/-/utils-3.1.7.tgz. Extracting by manifest.
906 silly tarball no local data for @braintree/sanitize-url@https://registry.npmjs.org/@braintree/sanitize-url/-/sanitize-url-7.1.2.tgz. Extracting by manifest.
907 silly tarball no local data for import-meta-resolve@https://registry.npmjs.org/import-meta-resolve/-/import-meta-resolve-4.2.0.tgz. Extracting by manifest.
908 silly tarball no local data for @mermaid-js/parser@https://registry.npmjs.org/@mermaid-js/parser/-/parser-1.2.1.tgz. Extracting by manifest.
909 silly tarball no local data for rehype-katex@https://registry.npmjs.org/rehype-katex/-/rehype-katex-7.0.1.tgz. Extracting by manifest.
910 silly tarball no local data for remark-math@https://registry.npmjs.org/remark-math/-/remark-math-6.0.0.tgz. Extracting by manifest.
911 silly tarball no local data for astro-mermaid@https://registry.npmjs.org/astro-mermaid/-/astro-mermaid-2.1.0.tgz. Extracting by manifest.
912 silly tarball no local data for katex@https://registry.npmjs.org/katex/-/katex-0.18.9.tgz. Extracting by manifest.
913 silly tarball no local data for mermaid@https://registry.npmjs.org/mermaid/-/mermaid-11.17.2.tgz. Extracting by manifest.
914 silly tarball no local data for katex@https://registry.npmjs.org/katex/-/katex-0.16.47.tgz. Extracting by manifest.
915 silly tarball no local data for commander@https://registry.npmjs.org/commander/-/commander-8.3.0.tgz. Extracting by manifest.
916 silly tarball no local data for cose-base@https://registry.npmjs.org/cose-base/-/cose-base-2.2.0.tgz. Extracting by manifest.
917 silly tarball no local data for commander@https://registry.npmjs.org/commander/-/commander-7.2.0.tgz. Extracting by manifest.
918 silly tarball no local data for layout-base@https://registry.npmjs.org/layout-base/-/layout-base-2.0.1.tgz. Extracting by manifest.
919 silly tarball no local data for internmap@https://registry.npmjs.org/internmap/-/internmap-1.0.1.tgz. Extracting by manifest.
920 silly tarball no local data for d3-path@https://registry.npmjs.org/d3-path/-/d3-path-1.0.9.tgz. Extracting by manifest.
921 silly tarball no local data for d3-shape@https://registry.npmjs.org/d3-shape/-/d3-shape-1.3.7.tgz. Extracting by manifest.
922 silly tarball no local data for d3-array@https://registry.npmjs.org/d3-array/-/d3-array-2.12.1.tgz. Extracting by manifest.
923 silly tarball no local data for katex@https://registry.npmjs.org/katex/-/katex-0.16.47.tgz. Extracting by manifest.
924 silly tarball no local data for katex@https://registry.npmjs.org/katex/-/katex-0.16.47.tgz. Extracting by manifest.
925 silly tarball no local data for commander@https://registry.npmjs.org/commander/-/commander-8.3.0.tgz. Extracting by manifest.
926 silly tarball no local data for commander@https://registry.npmjs.org/commander/-/commander-15.0.0.tgz. Extracting by manifest.
927 silly tarball no local data for commander@https://registry.npmjs.org/commander/-/commander-8.3.0.tgz. Extracting by manifest.
928 http fetch GET 200 https://registry.npmjs.org/mdast-util-math/-/mdast-util-math-3.0.0.tgz 248ms (cache miss)
929 http fetch GET 200 https://registry.npmjs.org/strictdom/-/strictdom-1.0.1.tgz 253ms (cache miss)
930 http fetch GET 200 https://registry.npmjs.org/@types/trusted-types/-/trusted-types-2.0.7.tgz 258ms (cache miss)
931 http fetch GET 200 https://registry.npmjs.org/safer-buffer/-/safer-buffer-2.1.2.tgz 274ms (cache miss)
932 http fetch GET 200 https://registry.npmjs.org/hast-util-from-dom/-/hast-util-from-dom-5.0.1.tgz 274ms (cache miss)
933 http fetch GET 200 https://registry.npmjs.org/@types/katex/-/katex-0.16.8.tgz 287ms (cache miss)
934 http fetch GET 200 https://registry.npmjs.org/micromark-extension-math/-/micromark-extension-math-3.1.0.tgz 317ms (cache miss)
935 http fetch GET 200 https://registry.npmjs.org/points-on-path/-/points-on-path-0.2.1.tgz 413ms (cache miss)
936 http fetch GET 200 https://registry.npmjs.org/internmap/-/internmap-2.0.3.tgz 444ms (cache miss)
937 http fetch GET 200 https://registry.npmjs.org/delaunator/-/delaunator-5.1.0.tgz 463ms (cache miss)
938 http fetch GET 200 https://registry.npmjs.org/d3-timer/-/d3-timer-3.0.1.tgz 581ms (cache miss)
939 http fetch GET 200 https://registry.npmjs.org/points-on-curve/-/points-on-curve-0.2.0.tgz 610ms (cache miss)
940 http fetch GET 200 https://registry.npmjs.org/d3-zoom/-/d3-zoom-3.0.0.tgz 680ms (cache miss)
941 http fetch GET 200 https://registry.npmjs.org/hachure-fill/-/hachure-fill-0.5.2.tgz 797ms (cache miss)
942 http fetch GET 200 https://registry.npmjs.org/d3-time/-/d3-time-3.1.0.tgz 799ms (cache miss)
943 http fetch GET 200 https://registry.npmjs.org/d3-path/-/d3-path-3.1.0.tgz 842ms (cache miss)
944 http fetch GET 200 https://registry.npmjs.org/rw/-/rw-1.3.3.tgz 885ms (cache miss)
945 http fetch GET 200 https://registry.npmjs.org/robust-predicates/-/robust-predicates-3.0.3.tgz 906ms (cache miss)
946 http fetch GET 200 https://registry.npmjs.org/hast-util-from-html-isomorphic/-/hast-util-from-html-isomorphic-2.0.0.tgz 952ms (cache miss)
947 http fetch GET 200 https://registry.npmjs.org/d3-scale-chromatic/-/d3-scale-chromatic-3.1.0.tgz 967ms (cache miss)
948 http fetch GET 200 https://registry.npmjs.org/path-data-parser/-/path-data-parser-0.1.0.tgz 1025ms (cache miss)
949 http fetch GET 200 https://registry.npmjs.org/d3-quadtree/-/d3-quadtree-3.0.1.tgz 1079ms (cache miss)
950 http fetch GET 200 https://registry.npmjs.org/d3-random/-/d3-random-3.0.1.tgz 1099ms (cache miss)
951 http fetch GET 200 https://registry.npmjs.org/d3-scale/-/d3-scale-4.0.2.tgz 1114ms (cache miss)
952 http fetch GET 200 https://registry.npmjs.org/d3-fetch/-/d3-fetch-3.0.1.tgz 1144ms (cache miss)
953 http fetch GET 200 https://registry.npmjs.org/d3-polygon/-/d3-polygon-3.0.1.tgz 1151ms (cache miss)
954 http fetch GET 200 https://registry.npmjs.org/d3-interpolate/-/d3-interpolate-3.0.1.tgz 1188ms (cache miss)
955 http fetch GET 200 https://registry.npmjs.org/d3-shape/-/d3-shape-3.2.0.tgz 1238ms (cache miss)
956 http fetch GET 200 https://registry.npmjs.org/d3-time-format/-/d3-time-format-4.1.0.tgz 1256ms (cache miss)
957 http fetch GET 200 https://registry.npmjs.org/d3-ease/-/d3-ease-3.0.1.tgz 1275ms (cache miss)
958 http fetch GET 200 https://registry.npmjs.org/lodash-es/-/lodash-es-4.18.1.tgz 1282ms (cache miss)
959 http fetch GET 200 https://registry.npmjs.org/d3-format/-/d3-format-3.1.2.tgz 1397ms (cache miss)
960 http fetch GET 200 https://registry.npmjs.org/d3-hierarchy/-/d3-hierarchy-3.1.2.tgz 1405ms (cache miss)
961 http fetch GET 200 https://registry.npmjs.org/d3-dispatch/-/d3-dispatch-3.0.1.tgz 1439ms (cache miss)
962 http fetch GET 200 https://registry.npmjs.org/d3-force/-/d3-force-3.0.0.tgz 1488ms (cache miss)
963 http fetch GET 200 https://registry.npmjs.org/d3-contour/-/d3-contour-4.0.2.tgz 1505ms (cache miss)
964 http fetch GET 200 https://registry.npmjs.org/d3-color/-/d3-color-3.1.0.tgz 1695ms (cache miss)
965 http fetch GET 200 https://registry.npmjs.org/d3-chord/-/d3-chord-3.0.1.tgz 1698ms (cache miss)
966 http fetch GET 200 https://registry.npmjs.org/d3-drag/-/d3-drag-3.0.0.tgz 1701ms (cache miss)
967 http fetch GET 200 https://registry.npmjs.org/d3-brush/-/d3-brush-3.0.0.tgz 1707ms (cache miss)
968 http fetch GET 200 https://registry.npmjs.org/d3-axis/-/d3-axis-3.0.0.tgz 1713ms (cache miss)
969 http fetch GET 200 https://registry.npmjs.org/d3-delaunay/-/d3-delaunay-6.0.4.tgz 1744ms (cache miss)
970 http fetch GET 200 https://registry.npmjs.org/d3-geo/-/d3-geo-3.1.1.tgz 1769ms (cache miss)
971 http fetch GET 200 https://registry.npmjs.org/@types/geojson/-/geojson-7946.0.16.tgz 1918ms (cache miss)
972 http fetch GET 200 https://registry.npmjs.org/d3-dsv/-/d3-dsv-3.0.1.tgz 1924ms (cache miss)
973 http fetch GET 200 https://registry.npmjs.org/@types/d3-scale-chromatic/-/d3-scale-chromatic-3.1.0.tgz 1944ms (cache miss)
974 http fetch GET 200 https://registry.npmjs.org/@types/d3-transition/-/d3-transition-3.0.9.tgz 1968ms (cache miss)
975 http fetch GET 200 https://registry.npmjs.org/@types/d3-time-format/-/d3-time-format-4.0.3.tgz 2010ms (cache miss)
976 http fetch GET 200 https://registry.npmjs.org/cose-base/-/cose-base-1.0.3.tgz 2019ms (cache miss)
977 http fetch GET 200 https://registry.npmjs.org/d3-transition/-/d3-transition-3.0.1.tgz 2101ms (cache miss)
978 http fetch GET 200 https://registry.npmjs.org/d3-selection/-/d3-selection-3.0.0.tgz 2123ms (cache miss)
979 http fetch GET 200 https://registry.npmjs.org/@types/d3-selection/-/d3-selection-3.0.12.tgz 2260ms (cache miss)
980 http fetch GET 200 https://registry.npmjs.org/@types/d3-quadtree/-/d3-quadtree-3.0.6.tgz 2260ms (cache miss)
981 http fetch GET 200 https://registry.npmjs.org/@types/d3-zoom/-/d3-zoom-3.0.9.tgz 2262ms (cache miss)
982 http fetch GET 200 https://registry.npmjs.org/@types/d3-polygon/-/d3-polygon-3.0.2.tgz 2274ms (cache miss)
983 http fetch GET 200 https://registry.npmjs.org/@types/d3-interpolate/-/d3-interpolate-3.0.4.tgz 2314ms (cache miss)
984 http fetch GET 200 https://registry.npmjs.org/@types/d3-path/-/d3-path-3.1.1.tgz 2335ms (cache miss)
985 http fetch GET 200 https://registry.npmjs.org/d3-array/-/d3-array-3.2.4.tgz 2350ms (cache miss)
986 http fetch GET 200 https://registry.npmjs.org/@types/d3-timer/-/d3-timer-3.0.2.tgz 2354ms (cache miss)
987 http fetch GET 200 https://registry.npmjs.org/@types/d3-color/-/d3-color-3.1.3.tgz 2483ms (cache miss)
988 http fetch GET 200 https://registry.npmjs.org/@types/d3-format/-/d3-format-3.0.4.tgz 2546ms (cache miss)
989 http fetch GET 200 https://registry.npmjs.org/@types/d3-hierarchy/-/d3-hierarchy-3.1.7.tgz 2591ms (cache miss)
990 http fetch GET 200 https://registry.npmjs.org/@types/d3-time/-/d3-time-3.0.4.tgz 2631ms (cache miss)
991 http fetch GET 200 https://registry.npmjs.org/@types/d3-dsv/-/d3-dsv-3.0.7.tgz 2639ms (cache miss)
992 http fetch GET 200 https://registry.npmjs.org/@types/d3-force/-/d3-force-3.0.10.tgz 2641ms (cache miss)
993 http fetch GET 200 https://registry.npmjs.org/@types/d3-random/-/d3-random-3.0.4.tgz 2694ms (cache miss)
994 http fetch GET 200 https://registry.npmjs.org/@types/d3-fetch/-/d3-fetch-3.0.7.tgz 2749ms (cache miss)
995 http fetch GET 200 https://registry.npmjs.org/iconv-lite/-/iconv-lite-0.6.3.tgz 2814ms (cache miss)
996 http fetch GET 200 https://registry.npmjs.org/@types/d3-shape/-/d3-shape-3.2.0.tgz 2811ms (cache miss)
997 http fetch GET 200 https://registry.npmjs.org/@types/d3-ease/-/d3-ease-3.0.2.tgz 2869ms (cache miss)
998 http fetch GET 200 https://registry.npmjs.org/@types/d3-contour/-/d3-contour-3.0.6.tgz 2887ms (cache miss)
999 http fetch GET 200 https://registry.npmjs.org/@types/d3-scale/-/d3-scale-4.0.9.tgz 2894ms (cache miss)
1000 http fetch GET 200 https://registry.npmjs.org/@types/d3-array/-/d3-array-3.2.2.tgz 2917ms (cache miss)
1001 http fetch GET 200 https://registry.npmjs.org/@iconify/types/-/types-2.0.0.tgz 3016ms (cache miss)
1002 http fetch GET 200 https://registry.npmjs.org/@types/d3-brush/-/d3-brush-3.0.6.tgz 3019ms (cache miss)
1003 http fetch GET 200 https://registry.npmjs.org/@types/d3-chord/-/d3-chord-3.0.6.tgz 3024ms (cache miss)
1004 http fetch GET 200 https://registry.npmjs.org/@types/d3-dispatch/-/d3-dispatch-3.0.7.tgz 3063ms (cache miss)
1005 http fetch GET 200 https://registry.npmjs.org/@types/d3-drag/-/d3-drag-3.0.7.tgz 3107ms (cache miss)
1006 http fetch GET 200 https://registry.npmjs.org/ts-dedent/-/ts-dedent-2.3.0.tgz 3158ms (cache miss)
1007 http fetch GET 200 https://registry.npmjs.org/@antfu/install-pkg/-/install-pkg-2.1.0.tgz 3215ms (cache miss)
1008 http fetch GET 200 https://registry.npmjs.org/fastdom/-/fastdom-1.0.12.tgz 3223ms (cache miss)
1009 http fetch GET 200 https://registry.npmjs.org/@types/d3-axis/-/d3-axis-3.0.6.tgz 3326ms (cache miss)
1010 http fetch GET 200 https://registry.npmjs.org/@types/d3-geo/-/d3-geo-3.1.1.tgz 3331ms (cache miss)
1011 http fetch GET 200 https://registry.npmjs.org/layout-base/-/layout-base-1.0.2.tgz 3341ms (cache miss)
1012 http fetch GET 200 https://registry.npmjs.org/@types/d3-delaunay/-/d3-delaunay-6.0.4.tgz 3387ms (cache miss)
1013 http fetch GET 200 https://registry.npmjs.org/@types/d3/-/d3-7.4.3.tgz 3651ms (cache miss)
1014 http fetch GET 200 https://registry.npmjs.org/cytoscape-cose-bilkent/-/cytoscape-cose-bilkent-4.1.0.tgz 3830ms (cache miss)
1015 http fetch GET 200 https://registry.npmjs.org/roughjs/-/roughjs-4.6.6.tgz 3893ms (cache miss)
1016 http fetch GET 200 https://registry.npmjs.org/uuid/-/uuid-14.0.2.tgz 3909ms (cache miss)
1017 http fetch GET 200 https://registry.npmjs.org/khroma/-/khroma-2.1.0.tgz 4116ms (cache miss)
1018 http fetch GET 200 https://registry.npmjs.org/d3-sankey/-/d3-sankey-0.12.3.tgz 4321ms (cache miss)
1019 http fetch GET 200 https://registry.npmjs.org/@braintree/sanitize-url/-/sanitize-url-7.1.2.tgz 4351ms (cache miss)
1020 http fetch GET 200 https://registry.npmjs.org/dagre-d3-es/-/dagre-d3-es-7.0.14.tgz 4449ms (cache miss)
1021 http fetch GET 200 https://registry.npmjs.org/@chevrotain/types/-/types-11.1.2.tgz 4458ms (cache miss)
1022 http fetch GET 200 https://registry.npmjs.org/remark-math/-/remark-math-6.0.0.tgz 4726ms (cache miss)
1023 http fetch GET 200 https://registry.npmjs.org/@iconify/utils/-/utils-3.1.7.tgz 4783ms (cache miss)
1024 http fetch GET 200 https://registry.npmjs.org/rehype-katex/-/rehype-katex-7.0.1.tgz 4977ms (cache miss)
1025 http fetch GET 200 https://registry.npmjs.org/import-meta-resolve/-/import-meta-resolve-4.2.0.tgz 5063ms (cache miss)
1026 http fetch GET 200 https://registry.npmjs.org/d3/-/d3-7.9.0.tgz 5072ms (cache miss)
1027 http fetch GET 200 https://registry.npmjs.org/astro-mermaid/-/astro-mermaid-2.1.0.tgz 5205ms (cache miss)
1028 http fetch GET 200 https://registry.npmjs.org/marked/-/marked-16.4.2.tgz 5368ms (cache miss)
1029 http fetch GET 200 https://registry.npmjs.org/internmap/-/internmap-1.0.1.tgz 5774ms (cache miss)
1030 http fetch GET 200 https://registry.npmjs.org/commander/-/commander-7.2.0.tgz 5943ms (cache miss)
1031 http fetch GET 200 https://registry.npmjs.org/d3-path/-/d3-path-1.0.9.tgz 6041ms (cache miss)
1032 http fetch GET 200 https://registry.npmjs.org/stylis/-/stylis-4.4.0.tgz 6052ms (cache miss)
1033 http fetch GET 200 https://registry.npmjs.org/@upsetjs/venn.js/-/venn.js-2.0.0.tgz 6526ms (cache miss)
1034 http fetch GET 200 https://registry.npmjs.org/cose-base/-/cose-base-2.2.0.tgz 6805ms (cache miss)
1035 http fetch GET 200 https://registry.npmjs.org/d3-shape/-/d3-shape-1.3.7.tgz 6901ms (cache miss)
1036 http fetch GET 200 https://registry.npmjs.org/d3-array/-/d3-array-2.12.1.tgz 7094ms (cache miss)
1037 http fetch GET 200 https://registry.npmjs.org/layout-base/-/layout-base-2.0.1.tgz 7817ms (cache miss)
1038 http fetch GET 200 https://registry.npmjs.org/commander/-/commander-15.0.0.tgz 7973ms (cache miss)
1039 http fetch GET 200 https://registry.npmjs.org/commander/-/commander-8.3.0.tgz 8020ms (cache miss)
1040 http fetch GET 200 https://registry.npmjs.org/commander/-/commander-8.3.0.tgz 8095ms (cache miss)
1041 http fetch GET 200 https://registry.npmjs.org/commander/-/commander-8.3.0.tgz 8840ms (cache miss)
1042 http fetch GET 200 https://registry.npmjs.org/dompurify/-/dompurify-3.4.16.tgz 9377ms (cache miss)
1043 http fetch GET 200 https://registry.npmjs.org/es-toolkit/-/es-toolkit-1.52.0.tgz 11245ms (cache miss)
1044 http fetch GET 200 https://registry.npmjs.org/cytoscape/-/cytoscape-3.34.3.tgz 14206ms (cache miss)
1045 http fetch GET 200 https://registry.npmjs.org/katex/-/katex-0.18.9.tgz 18570ms (cache miss)
1046 http fetch GET 200 https://registry.npmjs.org/katex/-/katex-0.16.47.tgz 20580ms (cache miss)
1047 http fetch GET 200 https://registry.npmjs.org/katex/-/katex-0.16.47.tgz 28247ms (cache miss)
1048 http fetch GET 200 https://registry.npmjs.org/@mermaid-js/parser/-/parser-1.2.1.tgz 35257ms (cache miss)
1049 http fetch GET 200 https://registry.npmjs.org/katex/-/katex-0.16.47.tgz 38544ms (cache miss)
1050 http fetch GET 200 https://registry.npmjs.org/cytoscape-fcose/-/cytoscape-fcose-2.2.0.tgz 66242ms (cache miss)
1051 http fetch GET 200 https://registry.npmjs.org/mermaid/-/mermaid-11.17.2.tgz 254553ms (cache miss)
1052 silly ADD node_modules/points-on-path
1053 silly ADD node_modules/points-on-curve
1054 silly ADD node_modules/path-data-parser
1055 silly ADD node_modules/hachure-fill
1056 silly ADD node_modules/micromark-extension-math
1057 silly ADD node_modules/micromark-extension-math/node_modules/commander
1058 silly ADD node_modules/micromark-extension-math/node_modules/katex
1059 silly ADD node_modules/mdast-util-math
1060 silly ADD node_modules/hast-util-from-dom
1061 silly ADD node_modules/hast-util-from-html-isomorphic
1062 silly ADD node_modules/@types/katex
1063 silly ADD node_modules/safer-buffer
1064 silly ADD node_modules/strictdom
1065 silly ADD node_modules/@types/trusted-types
1066 silly ADD node_modules/robust-predicates
1067 silly ADD node_modules/lodash-es
1068 silly ADD node_modules/rw
1069 silly ADD node_modules/iconv-lite
1070 silly ADD node_modules/delaunator
1071 silly ADD node_modules/internmap
1072 silly ADD node_modules/d3-zoom
1073 silly ADD node_modules/d3-timer
1074 silly ADD node_modules/d3-time-format
1075 silly ADD node_modules/d3-time
1076 silly ADD node_modules/d3-shape
1077 silly ADD node_modules/d3-scale-chromatic
1078 silly ADD node_modules/d3-scale
1079 silly ADD node_modules/d3-random
1080 silly ADD node_modules/d3-quadtree
1081 silly ADD node_modules/d3-polygon
1082 silly ADD node_modules/d3-path
1083 silly ADD node_modules/d3-interpolate
1084 silly ADD node_modules/d3-hierarchy
1085 silly ADD node_modules/d3-geo
1086 silly ADD node_modules/d3-format
1087 silly ADD node_modules/d3-force
1088 silly ADD node_modules/d3-fetch
1089 silly ADD node_modules/d3-ease
1090 silly ADD node_modules/d3-dsv
1091 silly ADD node_modules/d3-dsv/node_modules/commander
1092 silly ADD node_modules/d3-drag
1093 silly ADD node_modules/d3-dispatch
1094 silly ADD node_modules/d3-delaunay
1095 silly ADD node_modules/d3-contour
1096 silly ADD node_modules/d3-color
1097 silly ADD node_modules/d3-chord
1098 silly ADD node_modules/d3-brush
1099 silly ADD node_modules/d3-axis
1100 silly ADD node_modules/d3-array
1101 silly ADD node_modules/layout-base
1102 silly ADD node_modules/cose-base
1103 silly ADD node_modules/d3-transition
1104 silly ADD node_modules/d3-selection
1105 silly ADD node_modules/@types/geojson
1106 silly ADD node_modules/@types/d3-zoom
1107 silly ADD node_modules/@types/d3-transition
1108 silly ADD node_modules/@types/d3-timer
1109 silly ADD node_modules/@types/d3-time-format
1110 silly ADD node_modules/@types/d3-time
1111 silly ADD node_modules/@types/d3-shape
1112 silly ADD node_modules/@types/d3-selection
1113 silly ADD node_modules/@types/d3-scale-chromatic
1114 silly ADD node_modules/@types/d3-scale
1115 silly ADD node_modules/@types/d3-random
1116 silly ADD node_modules/@types/d3-quadtree
1117 silly ADD node_modules/@types/d3-polygon
1118 silly ADD node_modules/@types/d3-path
1119 silly ADD node_modules/@types/d3-interpolate
1120 silly ADD node_modules/@types/d3-hierarchy
1121 silly ADD node_modules/@types/d3-geo
1122 silly ADD node_modules/@types/d3-format
1123 silly ADD node_modules/@types/d3-force
1124 silly ADD node_modules/@types/d3-fetch
1125 silly ADD node_modules/@types/d3-ease
1126 silly ADD node_modules/@types/d3-dsv
1127 silly ADD node_modules/@types/d3-drag
1128 silly ADD node_modules/@types/d3-dispatch
1129 silly ADD node_modules/@types/d3-delaunay
1130 silly ADD node_modules/@types/d3-contour
1131 silly ADD node_modules/@types/d3-color
1132 silly ADD node_modules/@types/d3-chord
1133 silly ADD node_modules/@types/d3-brush
1134 silly ADD node_modules/@types/d3-axis
1135 silly ADD node_modules/@types/d3-array
1136 silly ADD node_modules/@chevrotain/types
1137 silly ADD node_modules/@iconify/types
1138 silly ADD node_modules/@antfu/install-pkg
1139 silly ADD node_modules/uuid
1140 silly ADD node_modules/ts-dedent
1141 silly ADD node_modules/stylis
1142 silly ADD node_modules/roughjs
1143 silly ADD node_modules/marked
1144 silly ADD node_modules/khroma
1145 silly ADD node_modules/fastdom
1146 silly ADD node_modules/es-toolkit
1147 silly ADD node_modules/dompurify
1148 silly ADD node_modules/dagre-d3-es
1149 silly ADD node_modules/d3-sankey
1150 silly ADD node_modules/d3-sankey/node_modules/d3-path
1151 silly ADD node_modules/d3-sankey/node_modules/internmap
1152 silly ADD node_modules/d3-sankey/node_modules/d3-shape
1153 silly ADD node_modules/d3-sankey/node_modules/d3-array
1154 silly ADD node_modules/d3
1155 silly ADD node_modules/cytoscape-fcose
1156 silly ADD node_modules/cytoscape-fcose/node_modules/layout-base
1157 silly ADD node_modules/cytoscape-fcose/node_modules/cose-base
1158 silly ADD node_modules/cytoscape-cose-bilkent
1159 silly ADD node_modules/cytoscape
1160 silly ADD node_modules/@upsetjs/venn.js
1161 silly ADD node_modules/@types/d3
1162 silly ADD node_modules/@mermaid-js/parser
1163 silly ADD node_modules/@iconify/utils
1164 silly ADD node_modules/@braintree/sanitize-url
1165 silly ADD node_modules/import-meta-resolve
1166 silly ADD node_modules/remark-math
1167 silly ADD node_modules/rehype-katex
1168 silly ADD node_modules/rehype-katex/node_modules/commander
1169 silly ADD node_modules/rehype-katex/node_modules/katex
1170 silly ADD node_modules/katex
1171 silly ADD node_modules/katex/node_modules/commander
1172 silly ADD node_modules/mermaid
1173 silly ADD node_modules/mermaid/node_modules/commander
1174 silly ADD node_modules/mermaid/node_modules/katex
1175 silly ADD node_modules/astro-mermaid
1176 verbose cwd C:\Users\q1213\Desktop\blog
1177 verbose os Windows_NT 10.0.26300
1178 verbose node v24.14.1
1179 verbose npm  v11.11.0
1180 verbose exit 0
1181 info ok
